Name,Hours_Main_Story,Genre1,Genre2,Year Released,Developer,Publisher,AppID,Dem_Share_2P,Rep_Share_2P,Dem_%_2P,Rep_%_2P,Lean,Confidence,ConfidenceScore
Counter-Strike,,Action,,2000.0,Valve,Valve,10,0.2429,0.7571,24.3,75.7,Rep-lean,medium,0.706
Counter-Strike: Condition Zero,,Action,,2004.0,Valve,Valve,80,0.3218,0.6782,32.2,67.8,Rep-lean,medium,0.743
Counter-Strike: Condition Zero Deleted Scenes,,Action,,2004.0,Valve,Valve,100,0.3218,0.6782,32.2,67.8,Rep-lean,medium,0.743
Day of Defeat,,Action,,2003.0,Valve,Valve,30,0.2915,0.7085,29.1,70.9,Rep-lean,medium,0.717
Half-Life: Opposing Force,,Action,,1999.0,Gearbox Software,Valve,50,0.2204,0.7796,22.0,78.0,Rep-lean,high,0.824
Half-Life,,Action,,1998.0,Valve,Valve,70,0.2203,0.7797,22.0,78.0,Rep-lean,high,0.824
Half-Life: Blue Shift,,Action,,2001.0,Gearbox Software,Valve,130,0.2445,0.7555,24.5,75.5,Rep-lean,high,0.754
Counter-Strike: Source,,Action,,2004.0,Valve,Valve,240,0.3187,0.6813,31.9,68.1,Rep-lean,medium,0.745
Bejeweled 2 Deluxe,,Casual,,2006.0,"PopCap Games, Inc.","PopCap Games, Inc.; Electronic Arts",3300,0.2312,0.7688,23.1,76.9,Rep-lean,high,0.815
Bejeweled Deluxe,,Casual,,2006.0,"PopCap Games, Inc.","PopCap Games, Inc.; Electronic Arts",3350,0.2312,0.7688,23.1,76.9,Rep-lean,high,0.815
Zuma Deluxe,,Casual,,2006.0,"PopCap Games, Inc.","PopCap Games, Inc.; Electronic Arts",3330,0.2232,0.7768,22.3,77.7,Rep-lean,high,0.821
Chuzzle Deluxe,,Casual,,2006.0,"PopCap Games, Inc.","PopCap Games, Inc.; Electronic Arts",3310,0.2232,0.7768,22.3,77.7,Rep-lean,high,0.821
Sid Meier's Civilization III: Complete,,Strategy,,2006.0,Firaxis Games,2K,3910,0.2596,0.7404,26.0,74.0,Rep-lean,high,0.792
Garry's Mod,,Casual,Indie,2006.0,Facepunch Studios,Valve,4000,0.2079,0.7921,20.8,79.2,Rep-lean,high,0.784
Peggle Deluxe,,Casual,,2007.0,"PopCap Games, Inc.","PopCap Games, Inc.; Electronic Arts",3480,0.2369,0.7631,23.7,76.3,Rep-lean,high,0.81
Hitman: Codename 47,,Action,,2007.0,IO Interactive A/S,IO Interactive A/S,6900,0.3056,0.6944,30.6,69.4,Rep-lean,medium,0.706
Hitman 2: Silent Assassin,,Action,,2007.0,Io-Interactive A/S,Io-Interactive A/S,6850,0.3117,0.6883,31.2,68.8,Rep-lean,medium,0.701
Hitman: Blood Money,,Action,,2007.0,Io-Interactive A/S,Io-Interactive A/S,6860,0.3182,0.6818,31.8,68.2,Rep-lean,medium,0.745
Just Cause,,Action,,2007.0,Avalanche Studios,Square Enix,6880,0.3202,0.6798,32.0,68.0,Rep-lean,medium,0.744
Thief: Deadly Shadows,,Action,,2007.0,Ion Storm,Eidos Interactive Corp.,6980,0.3156,0.6844,31.6,68.4,Rep-lean,medium,0.698
Tomb Raider: Anniversary,,Action,Adventure,2007.0,Crystal Dynamics,Crystal Dynamics,8000,0.4266,0.5734,42.7,57.3,Rep-lean,medium,0.609
Geometry Wars: Retro Evolved,,Casual,,2007.0,Bizarre Creations,Activision,8400,0.0678,0.9322,6.8,93.2,Rep-lean,high,0.896
Lost Planet: Extreme Condition,,Action,Adventure,2007.0,"CAPCOM Co., Ltd.",Capcom,6510,0.4592,0.5408,45.9,54.1,Rep-lean,medium,0.633
Wolfenstein 3D,,Action,,2007.0,id Software,Bethesda Softworks,2270,0.3458,0.6542,34.6,65.4,Rep-lean,medium,0.673
DOOM + DOOM II,,Action,,2007.0,id Software; Nightdive Studios,Bethesda,2280,0.3254,0.6746,32.5,67.5,Rep-lean,medium,0.74
Quake,,Action,,2007.0,id Software; Nightdive Studios; MachineGames,Bethesda Softworks,2310,0.3535,0.6465,35.3,64.7,Rep-lean,medium,0.717
Quake II,,Action,,2007.0,id Software; Nightdive Studios; MachineGames,Bethesda Softworks,2320,0.3535,0.6465,35.3,64.7,Rep-lean,medium,0.717
Quake III Arena,,Action,,2007.0,id Software,id Software,2200,0.3363,0.6637,33.6,66.4,Rep-lean,medium,0.731
Half-Life 2,,Action,,2004.0,Valve,Valve,220,0.3172,0.6828,31.7,68.3,Rep-lean,medium,0.746
Half-Life 2: Deathmatch,,Action,,2004.0,Valve,Valve,320,0.3172,0.6828,31.7,68.3,Rep-lean,medium,0.746
Half-Life Deathmatch: Source,,Action,,2006.0,Valve,Valve,360,0.3604,0.6396,36.0,64.0,Rep-lean,medium,0.712
Portal,,Action,,2007.0,Valve,Valve,400,0.369,0.631,36.9,63.1,Rep-lean,medium,0.705
Call of Duty 4: Modern Warfare (2007),,Action,,2007.0,Infinity Ward,Activision,7940,0.0517,0.9483,5.2,94.8,Rep-lean,high,0.959
Call of Juarez,,Action,,2007.0,Techland,Techland Publishing,3020,0.1532,0.8468,15.3,84.7,Rep-lean,high,0.877
Max Payne,,Action,,2011.0,Remedy Entertainment,Rockstar Games,12140,0.3968,0.6032,39.7,60.3,Rep-lean,medium,0.683
Max Payne 2: The Fall of Max Payne,,Action,,2008.0,Remedy Entertainment,Rockstar Games,12150,0.3414,0.6586,34.1,65.9,Rep-lean,medium,0.727
Far Cry,,Action,,2008.0,Crytek Studios,Ubisoft,13520,0.3577,0.6423,35.8,64.2,Rep-lean,medium,0.714
Tom Clancy's Splinter Cell,,Action,,2008.0,Ubisoft,Ubisoft,13560,0.3923,0.6077,39.2,60.8,Rep-lean,medium,0.686
Assassin's Creed,,Action,Adventure,2008.0,Ubisoft Montreal,Ubisoft,15100,0.5252,0.4748,52.5,47.5,Dem-lean,medium,0.62
Tom Clancy's Rainbow Six: Vegas,,Action,,2008.0,Ubisoft Montreal,Ubisoft,13540,0.4094,0.5906,40.9,59.1,Rep-lean,medium,0.672
Tom Clancy's Rainbow Six: Vegas 2,,Action,,2008.0,Ubisoft Montreal,Ubisoft,15120,0.4094,0.5906,40.9,59.1,Rep-lean,medium,0.672
Tom Clancy's Ghost Recon,,Action,,2008.0,Red Storm Entertainment,Ubisoft,15300,0.3839,0.6161,38.4,61.6,Rep-lean,medium,0.693
Tom Clancy's Ghost Recon: Island Thunder,,Action,,2008.0,Red Storm Entertainment,Ubisoft,13630,0.3872,0.6128,38.7,61.3,Rep-lean,medium,0.69
Tom Clancy's Ghost Recon: Desert Siege,,Action,,2008.0,Red Storm Entertainment,Ubisoft,13620,0.3906,0.6094,39.1,60.9,Rep-lean,medium,0.687
Far Cry 2,,Action,,2008.0,Ubisoft Montreal,Ubisoft,19900,0.3868,0.6132,38.7,61.3,Rep-lean,medium,0.691
S.T.A.L.K.E.R.: Clear Sky,,Action,RPG,2008.0,GSC Game World,GSC World Publishing,20510,0.3906,0.6094,39.1,60.9,Rep-lean,medium,0.637
S.T.A.L.K.E.R.: Clear Sky - Enhanced Edition,,Action,Adventure,2025.0,GSC Game World,GSC Game World,2427420,0.768,0.232,76.8,23.2,Dem-lean,high,0.764
Crysis Warhead,,Action,,2008.0,Crytek,Electronic Arts,17330,0.3732,0.6268,37.3,62.7,Rep-lean,medium,0.701
Crysis Wars,,Action,,2008.0,Crytek,Electronic Arts,17340,0.3979,0.6021,39.8,60.2,Rep-lean,medium,0.682
The Witcher: Enhanced Edition,,Action,RPG,2008.0,CD PROJEKT RED,CD PROJEKT RED; 1C-SoftClub,20900,0.3915,0.6085,39.1,60.9,Rep-lean,medium,0.637
Left 4 Dead,,Action,,2008.0,Valve,Valve,500,0.3981,0.6019,39.8,60.2,Rep-lean,medium,0.681
Bully: Scholarship Edition,,Action,Adventure,2008.0,Rockstar New England,Rockstar Games,12200,0.4541,0.5459,45.4,54.6,Rep-lean,low,0.587
Call of Duty: World at War,,Action,,2008.0,Treyarch,Activision,10090,0.053,0.947,5.3,94.7,Rep-lean,high,0.958
Prince of Persia: Warrior Within,,Action,Adventure,2008.0,Ubisoft,Ubisoft,13500,0.5086,0.4914,50.9,49.1,Dem-lean,medium,0.607
Prince of Persia: The Two Thrones,,Action,Adventure,2008.0,Ubisoft Montreal,Ubisoft,13530,0.5195,0.4805,51.9,48.1,Dem-lean,medium,0.616
Prince of Persia: The Sands of Time,,Action,Adventure,2008.0,Kudosoft,Ubisoft,13600,0.4812,0.5188,48.1,51.9,Rep-lean,medium,0.615
Prince of Persia,,Action,Adventure,2008.0,Ubisoft Montreal,Ubisoft,19980,0.5169,0.4831,51.7,48.3,Dem-lean,medium,0.614
Saints Row 2,,Action,,2009.0,Volition,Deep Silver,9480,0.37,0.63,37.0,63.0,Rep-lean,medium,0.704
Command & Conquer™ Red Alert™ 3,,Action,Strategy,2009.0,EA Los Angeles,Electronic Arts,17480,0.4709,0.5291,47.1,52.9,Rep-lean,medium,0.623
Mirror's Edge,,Action,Adventure,2009.0,DICE,Electronic Arts,17410,0.5241,0.4759,52.4,47.6,Dem-lean,low,0.569
Tom Clancy's Splinter Cell: Double Agent,,Action,,2009.0,Ubisoft Montreal,Ubisoft,13580,0.4281,0.5719,42.8,57.2,Rep-lean,medium,0.657
Plants vs. Zombies: Game of the Year,,Strategy,,2009.0,"PopCap Games, Inc.","PopCap Games, Inc.; Electronic Arts",3590,0.4011,0.5989,40.1,59.9,Rep-lean,medium,0.679
Prototype,,Action,Adventure,2009.0,Radical Entertainment,Activision,10150,0.1436,0.8564,14.4,85.6,Rep-lean,high,0.835
The Elder Scrolls IV: Oblivion Game of the Year Edition (2009),,RPG,,2009.0,Bethesda Game Studios,Bethesda Softworks,22330,0.3319,0.6681,33.2,66.8,Rep-lean,medium,0.734
LEGOⓇ Indiana Jones™: The Original Adventures,,Action,Adventure,2009.0,Traveller's Tales,LucasArts; Lucasfilm; Disney,32330,0.502,0.498,50.2,49.8,Dem-lean,medium,0.602
The Secret of Monkey Island: Special Edition,,Adventure,,2009.0,LucasArts,LucasArts; Lucasfilm; Disney,32360,0.4116,0.5884,41.2,58.8,Rep-lean,medium,0.671
Red Faction,,Action,,2009.0,Volition,Deep Silver,20530,0.3759,0.6241,37.6,62.4,Rep-lean,medium,0.699
Red Faction II,,Action,Strategy,2009.0,Volition,Deep Silver,20550,0.4344,0.5656,43.4,56.6,Rep-lean,medium,0.653
Tom Clancy's Splinter Cell: Chaos Theory,,Action,,2009.0,Ubisoft Montreal,Ubisoft,13570,0.4281,0.5719,42.8,57.2,Rep-lean,medium,0.657
Command & Conquer™ Red Alert™ 3 - Uprising,,Action,Strategy,2009.0,EA Los Angeles,Electronic Arts,24800,0.4709,0.5291,47.1,52.9,Rep-lean,medium,0.623
Call of Duty: Modern Warfare 2 (2009),,Action,,2009.0,Infinity Ward,Activision,10180,0.0519,0.9481,5.2,94.8,Rep-lean,high,0.958
Call of Duty: Modern Warfare 2 (2009) - Multiplayer,,Action,,2009.0,Infinity Ward,Activision,10190,0.0516,0.9484,5.2,94.8,Rep-lean,high,0.959
Command & Conquer 3: Tiberium Wars™,,Action,Strategy,2009.0,EA Los Angeles,Electronic Arts,24790,0.4846,0.5154,48.5,51.5,Rep-lean,medium,0.612
Command & Conquer 3: Kane's Wrath™,,Action,Strategy,2009.0,EA Los Angeles,Electronic Arts,24810,0.4581,0.5419,45.8,54.2,Rep-lean,medium,0.633
Left 4 Dead 2,,Action,,2009.0,Valve,Valve,550,0.4192,0.5808,41.9,58.1,Rep-lean,medium,0.665
Serious Sam HD: The First Encounter,,Action,Indie,2009.0,Croteam,Devolver Digital,41000,0.4314,0.5686,43.1,56.9,Rep-lean,medium,0.655
Serious Sam Fusion 2017 (beta),,Action,Indie,,Croteam,Devolver Digital; Croteam,564310,0.2598,0.7402,26.0,74.0,Rep-lean,medium,0.742
Assassin's Creed II,,Action,Adventure,2010.0,Ubisoft Montreal,Ubisoft,33230,0.5678,0.4322,56.8,43.2,Dem-lean,medium,0.654
Command & Conquer™ 4 Tiberian Twilight,,Adventure,Strategy,2010.0,EA Los Angeles,Electronic Arts,47700,0.5062,0.4938,50.6,49.4,Dem-lean,medium,0.605
Battlefield: Bad Company™ 2,,Action,,2010.0,DICE,Electronic Arts,24960,0.408,0.592,40.8,59.2,Rep-lean,medium,0.624
Just Cause 2,,Action,Adventure,2010.0,Avalanche Studios,Square Enix,8190,0.5134,0.4866,51.3,48.7,Dem-lean,medium,0.611
Monkey Island 2: Special Edition,,Adventure,,2010.0,LucasArts,LucasArts; Lucasfilm; Disney,32460,0.4315,0.5685,43.1,56.9,Rep-lean,medium,0.655
Fallout: New Vegas,,Action,RPG,2010.0,Obsidian Entertainment,Bethesda Softworks,22380,0.4747,0.5253,47.5,52.5,Rep-lean,medium,0.62
Call of Duty: Black Ops,,Action,,2010.0,Treyarch,Activision,42700,0.0521,0.9479,5.2,94.8,Rep-lean,high,0.958
Call of Duty: Black Ops - Multiplayer,,Action,,2010.0,Treyarch,Activision,42710,0.0517,0.9483,5.2,94.8,Rep-lean,high,0.959
Dragon Age: Origins - Ultimate Edition,,RPG,,2010.0,BioWare,Electronic Arts,47810,0.3784,0.6216,37.8,62.2,Rep-lean,medium,0.697
Bejeweled 3,,Casual,Strategy,2010.0,"PopCap Games, Inc.","PopCap Games, Inc.; Electronic Arts",78000,0.3202,0.6798,32.0,68.0,Rep-lean,medium,0.744
Dead Space 2,,Action,Adventure,2011.0,Visceral Games,Electronic Arts,47780,0.5811,0.4189,58.1,41.9,Dem-lean,medium,0.665
Assassin's Creed Brotherhood,,Action,Adventure,2011.0,Ubisoft Montreal,Ubisoft,48190,0.5886,0.4114,58.9,41.1,Dem-lean,medium,0.671
Portal 2,,Action,Adventure,2011.0,Valve,Valve,620,0.5909,0.4091,59.1,40.9,Dem-lean,medium,0.673
Terraria,,Action,Adventure,2011.0,Re-Logic,Re-Logic,105600,0.509,0.491,50.9,49.1,Dem-lean,low,0.507
The Witcher 2: Assassins of Kings Enhanced Edition,,RPG,,2012.0,CD PROJEKT RED,CD PROJEKT RED; 1C-SoftClub,20920,0.3658,0.6342,36.6,63.4,Rep-lean,medium,0.657
Alice: Madness Returns,,Action,Adventure,2011.0,Spicy Horse Games,Electronic Arts,19680,0.5624,0.4376,56.2,43.8,Dem-lean,low,0.6
LIMBO,,Action,Adventure,2011.0,Playdead,Playdead,48000,0.509,0.491,50.9,49.1,Dem-lean,low,0.507
Quake 4,,Action,,2011.0,RavenSoft; id Software,Bethesda Softworks,2210,0.4351,0.5649,43.5,56.5,Rep-lean,medium,0.652
Arma: Cold War Assault,,Action,Simulation,2011.0,Bohemia Interactive,Bohemia Interactive,65790,0.4005,0.5995,40.0,60.0,Rep-lean,medium,0.63
Call of Duty®: Modern Warfare® 3 (2011),,Action,,2011.0,Infinity Ward; Sledgehammer Games,Activision,42680,0.0525,0.9475,5.2,94.8,Rep-lean,high,0.958
Sniper: Ghost Warrior,,Action,,2010.0,City Interactive,CI Games,34830,0.3716,0.6284,37.2,62.8,Rep-lean,medium,0.703
Assassin's Creed Revelations,,Action,Adventure,2011.0,Ubisoft Montreal,Ubisoft,201870,0.5886,0.4114,58.9,41.1,Dem-lean,medium,0.671
RAGE,,Action,,2011.0,id Software,Bethesda Softworks,9200,0.4267,0.5733,42.7,57.3,Rep-lean,medium,0.609
Gothic 3,,Action,RPG,2009.0,Piranha Bytes,THQ Nordic,39500,0.4362,0.5638,43.6,56.4,Rep-lean,medium,0.651
Gothic II: Gold Classic,,Action,RPG,2005.0,Piranha Bytes,THQ Nordic,39510,0.3748,0.6252,37.5,62.5,Rep-lean,medium,0.7
ArcaniA,,RPG,,2010.0,Spellbound,THQ Nordic,39690,0.3377,0.6623,33.8,66.2,Rep-lean,medium,0.68
Gothic 1 Classic,,Action,RPG,2001.0,Piranha Bytes,THQ Nordic,65540,0.2873,0.7127,28.7,71.3,Rep-lean,high,0.77
Gothic 3 Forsaken Gods Enhanced Edition,,RPG,,2011.0,Trine Studios; G3 Community Patch Team; Mad Vulture Games,THQ Nordic,65600,0.3646,0.6354,36.5,63.5,Rep-lean,medium,0.708
ArcaniA: Fall of Setarrif,,RPG,,2011.0,Spellbound,THQ Nordic,65610,0.361,0.639,36.1,63.9,Rep-lean,medium,0.711
Gothic Playable Teaser,,RPG,,2019.0,THQ Nordic Barcelona,THQ Nordic,950670,0.5303,0.4697,53.0,47.0,Dem-lean,medium,0.624
F.E.A.R. 2: Project Origin,,Action,,2009.0,Monolith,Warner Bros. Games; Warner Bros. Interactive Entertainment,16450,0.3543,0.6457,35.4,64.6,Rep-lean,medium,0.667
F.E.A.R.,,Action,,2010.0,"Monolith Productions, Inc.; Timegate",Warner Bros. Games; Warner Bros. Interactive Entertainment,21090,0.3787,0.6213,37.9,62.1,Rep-lean,medium,0.647
F.E.A.R. 3,,Action,,2011.0,Day 1 Studios,Warner Bros. Interactive Entertainment,21100,0.3868,0.6132,38.7,61.3,Rep-lean,medium,0.641
F.E.A.R.: Extraction Point,,Action,,2010.0,"Monolith Productions, Inc.; Timegate",Warner Bros. Games; Warner Bros. Interactive Entertainment,21110,0.3787,0.6213,37.9,62.1,Rep-lean,medium,0.647
F.E.A.R.: Perseus Mandate,,Action,,2010.0,"Monolith Productions, Inc.; Timegate",Warner Bros. Games; Warner Bros. Interactive Entertainment,21120,0.3787,0.6213,37.9,62.1,Rep-lean,medium,0.647
Alan Wake,,Action,Adventure,2012.0,Remedy Entertainment,Remedy Entertainment,108710,0.5351,0.4649,53.5,46.5,Dem-lean,low,0.578
L.A. Noire,,Adventure,Strategy,2011.0,Team Bondi; Rockstar Leeds,Rockstar Games,110800,0.465,0.535,46.5,53.5,Rep-lean,low,0.578
The Walking Dead,,Adventure,,2012.0,Telltale Games,Skybound Games,207610,0.4345,0.5655,43.5,56.5,Rep-lean,medium,0.652
Thief Gold,,Action,Simulation,2012.0,Looking Glass Studios,Eidos Interactive Corp.,211600,0.4511,0.5489,45.1,54.9,Rep-lean,medium,0.639
Thief™ II: The Metal Age,,Action,Simulation,2012.0,Looking Glass Studios,Eidos Interactive Corp.,211740,0.4618,0.5382,46.2,53.8,Rep-lean,medium,0.631
FTL: Faster Than Light,,Indie,Simulation,2012.0,Subset Games,Subset Games,212680,0.3949,0.6051,39.5,60.5,Rep-lean,medium,0.634
Max Payne 3,,Action,,2012.0,Rockstar Studios,Rockstar Games,204100,0.413,0.587,41.3,58.7,Rep-lean,medium,0.67
Tom Clancy's Ghost Recon Future Soldier,,Action,,2012.0,Ubisoft Paris; Red Storm Entertainment,Ubisoft,212630,0.4909,0.5091,49.1,50.9,Rep-lean,medium,0.607
Tales of Monkey Island: Chapter 1 - Launch of the Screaming Narwhal,,Adventure,RPG,2009.0,Telltale,Telltale,31170,0.4699,0.5301,47.0,53.0,Rep-lean,medium,0.624
Tales of Monkey Island: Chapter 2 - The Siege of Spinner Cay ,,Adventure,RPG,2009.0,Telltale,Telltale,31180,0.4794,0.5206,47.9,52.1,Rep-lean,medium,0.616
Tales of Monkey Island: Chapter 3 - Lair of the Leviathan ,,Adventure,RPG,2009.0,Telltale,Telltale,31190,0.4699,0.5301,47.0,53.0,Rep-lean,medium,0.624
Tales of Monkey Island: Chapter 4 - The Trial and Execution of Guybrush Threepwood ,,Adventure,RPG,2009.0,Telltale,Telltale,31200,0.4699,0.5301,47.0,53.0,Rep-lean,medium,0.624
Tales of Monkey Island: Chapter 5 - Rise of the Pirate God,,Adventure,RPG,2009.0,Telltale,Telltale,31210,0.4699,0.5301,47.0,53.0,Rep-lean,medium,0.624
Dishonored,,Action,Adventure,2012.0,Arkane Studios,Bethesda Softworks,205100,0.5658,0.4342,56.6,43.4,Dem-lean,medium,0.603
Saints Row: The Third,,Action,,2011.0,Volition,Deep Silver,55230,0.4078,0.5922,40.8,59.2,Rep-lean,medium,0.674
Castle Crashers,,Action,Adventure,2012.0,The Behemoth,The Behemoth,204360,0.5304,0.4696,53.0,47.0,Dem-lean,low,0.524
Hotline Miami,,Action,Indie,2012.0,Dennaton Games,Devolver Digital,219150,0.4751,0.5249,47.5,52.5,Rep-lean,low,0.57
DOOM 3,,Action,,2007.0,id Software,id Software,9050,0.3314,0.6686,33.1,66.9,Rep-lean,medium,0.735
DOOM 3: Resurrection of Evil,,Action,,2007.0,id Software,id Software,9070,0.3391,0.6609,33.9,66.1,Rep-lean,medium,0.729
DOOM 3: BFG Edition,,Action,,2012.0,id Software,Bethesda Softworks,208200,0.4574,0.5426,45.7,54.3,Rep-lean,medium,0.634
Tropico 3 - Steam Special Edition,,Simulation,Strategy,2009.0,Haemimont Games,Kalypso Media Digital,23490,0.3473,0.6527,34.7,65.3,Rep-lean,medium,0.722
Tropico,,Simulation,Strategy,2009.0,PopTop Software; BreakAway Games; Frog City Software,Kalypso Media Digital,33520,0.3334,0.6666,33.3,66.7,Rep-lean,medium,0.733
Tropico 2: Pirate Cove,,Simulation,Strategy,2009.0,PopTop Software; BreakAway Games; Frog City Software,Kalypso Media Digital,33530,0.3334,0.6666,33.3,66.7,Rep-lean,medium,0.733
Jagged Alliance 2 - Wildfire ,,RPG,Strategy,2012.0,I-deal Games,Topware Interactive,215930,0.4307,0.5693,43.1,56.9,Rep-lean,medium,0.605
Iron Sky Invasion,,Action,Simulation,2012.0,Reality Pump,Topware Interactive,224900,0.446,0.554,44.6,55.4,Rep-lean,medium,0.643
Sniper Elite,,Action,,2009.0,Rebellion,Rebellion,3700,0.3703,0.6297,37.0,63.0,Rep-lean,medium,0.704
POSTAL 2,,Action,Adventure,2012.0,Running With Scissors,Running With Scissors,223470,0.5304,0.4696,53.0,47.0,Dem-lean,low,0.524
Far Cry® 3,,Action,Adventure,2012.0,"Ubisoft Montreal, Massive Entertainment, and Ubisoft Shanghai",Ubisoft,220240,0.6075,0.3925,60.8,39.2,Dem-lean,medium,0.686
Call of Duty: Black Ops II,,Action,,2012.0,Treyarch,Activision,202970,0.0525,0.9475,5.3,94.7,Rep-lean,high,0.958
Call of Duty: Black Ops II - Multiplayer,,Action,,2012.0,Treyarch,Activision,202990,0.0521,0.9479,5.2,94.8,Rep-lean,high,0.958
"Warhammer 40,000: Dawn of War - Anniversary Edition ",,Strategy,,2007.0,Relic Entertainment,Relic Entertainment,4570,0.2814,0.7186,28.1,71.9,Rep-lean,high,0.775
"Warhammer 40,000: Dawn of War - Dark Crusade",,Strategy,,2007.0,Relic Entertainment,SEGA,4580,0.2989,0.7011,29.9,70.1,Rep-lean,high,0.761
"Warhammer 40,000: Dawn of War - Winter Assault",,Strategy,,2007.0,Relic Entertainment,SEGA,9310,0.2965,0.7035,29.7,70.3,Rep-lean,high,0.763
"Warhammer 40,000: Dawn of War - Soulstorm",,Strategy,,2008.0,Relic Entertainment,SEGA,9450,0.3097,0.6903,31.0,69.0,Rep-lean,high,0.752
Euro Truck Simulator 2,,Indie,Simulation,2012.0,SCS Software,SCS Software,227300,0.3993,0.6007,39.9,60.1,Rep-lean,medium,0.631
Dungeon Siege III,,Action,RPG,2011.0,Obsidian Entertainment,Square Enix,39160,0.4888,0.5112,48.9,51.1,Rep-lean,medium,0.609
Dungeon Siege,,RPG,,2011.0,Gas Powered Games,Square Enix,39190,0.3692,0.6308,36.9,63.1,Rep-lean,medium,0.705
Dungeon Siege 2,,RPG,,2005.0,Gas Powered Games,Square Enix,39200,0.2633,0.7367,26.3,73.7,Rep-lean,high,0.789
America's Army: Proving Grounds,,Action,Free To Play,2013.0,U.S. Army,U.S. Army,203290,0.4352,0.5648,43.5,56.5,Rep-lean,low,0.552
PlanetSide 2,,Action,Massively Multiplayer,2012.0,Rogue Planet Games,Daybreak Game Company,218230,0.4048,0.5952,40.5,59.5,Rep-lean,medium,0.626
PlanetSide 2 - Test,,Action,Free To Play,2019.0,Rogue Planet Games,Daybreak Game Company,1083500,0.5666,0.4334,56.7,43.3,Dem-lean,medium,0.603
Warframe,,Action,RPG,2013.0,Digital Extremes,Digital Extremes,230410,0.4928,0.5072,49.3,50.7,Rep-lean,low,0.506
Peggle Extreme,,Casual,Free To Play,2007.0,"PopCap Games, Inc.",Electronic Arts,3483,0.2176,0.7824,21.8,78.2,Rep-lean,high,0.826
DCS World Steam Edition,,Simulation,Free To Play,2013.0,Eagle Dynamics SA,Eagle Dynamics SA,223750,0.3429,0.6571,34.3,65.7,Rep-lean,medium,0.676
Sniper Ghost Warrior 2,,Action,,2013.0,City Interactive,CI Games,34870,0.4438,0.5562,44.4,55.6,Rep-lean,medium,0.645
Tomb Raider,,Action,Adventure,2013.0,Crystal Dynamics; Eidos-Montréal; Feral Interactive (Mac); Nixxes,Crystal Dynamics; Feral Interactive (Mac),203160,0.5565,0.4435,55.6,44.4,Dem-lean,low,0.595
Fallout 3,,RPG,,2008.0,Bethesda Game Studios,Bethesda Softworks,22300,0.3297,0.6703,33.0,67.0,Rep-lean,medium,0.736
Far Cry® 3 Blood Dragon,,Action,Adventure,2013.0,Ubisoft Montreal,Ubisoft,233270,0.63,0.37,63.0,37.0,Dem-lean,medium,0.704
Saints Row IV,,Action,Adventure,2013.0,Deep Silver Volition,Deep Silver,206420,0.5892,0.4108,58.9,41.1,Dem-lean,medium,0.671
Dead Rising 2,,Action,Adventure,2010.0,Capcom Vancouver,Capcom,45740,0.5159,0.4841,51.6,48.4,Dem-lean,medium,0.613
"Cook, Serve, Delicious!",,Action,Indie,2013.0,Vertigo Gaming Inc.,Vertigo Gaming Inc.,247020,0.488,0.512,48.8,51.2,Rep-lean,low,0.51
Rayman Legends,,Action,Adventure,2013.0,Ubisoft Montpellier,Ubisoft,242550,0.6047,0.3953,60.5,39.5,Dem-lean,medium,0.684
Risk of Rain (2013),,Action,Indie,2013.0,Hopoo Games,Gearbox Publishing,248820,0.4923,0.5077,49.2,50.8,Rep-lean,medium,0.606
Tom Clancy's Splinter Cell Blacklist,,Action,Adventure,2013.0,Ubisoft Toronto,Ubisoft,235600,0.6335,0.3665,63.3,36.7,Dem-lean,medium,0.707
Earth 2150 Trilogy,,Strategy,,2013.0,Reality Pump Studios,Topware Interactive; ACE,253880,0.3762,0.6238,37.6,62.4,Rep-lean,medium,0.649
Gorky 17,,RPG,Strategy,2013.0,,Topware Interactive ACE,253920,0.4516,0.5484,45.2,54.8,Rep-lean,low,0.589
Septerra Core,,RPG,,2013.0,,Topware Interactive,253940,0.3929,0.6071,39.3,60.7,Rep-lean,medium,0.636
Jack Orlando Director's Cut,,Adventure,,2013.0,Toontraxx Studios,Topware Interactive,253960,0.4494,0.5506,44.9,55.1,Rep-lean,low,0.591
Enclave,,Action,RPG,2013.0,Starbreeze,Topware Interactive,253980,0.5056,0.4944,50.6,49.4,Dem-lean,low,0.554
KnightShift,,RPG,Strategy,2013.0,Reality Pump,Topware Interactive,254060,0.4516,0.5484,45.2,54.8,Rep-lean,low,0.589
World War II: Panzer Claws,,Strategy,,2013.0,,Topware Interactive,254100,0.344,0.656,34.4,65.6,Rep-lean,medium,0.725
Arma 3,,Action,Simulation,2013.0,Bohemia Interactive,Bohemia Interactive,107410,0.4512,0.5488,45.1,54.9,Rep-lean,low,0.539
Hitman: Contracts,,Action,,2014.0,Io-Interactive A/S,Io-Interactive A/S,247430,0.4586,0.5414,45.9,54.1,Rep-lean,medium,0.633
Goat Simulator,,Casual,Indie,2014.0,Coffee Stain Studios,Coffee Stain Publishing,265930,0.2976,0.7024,29.8,70.2,Rep-lean,high,0.762
Grand Theft Auto V Legacy,,Action,Adventure,2015.0,Rockstar North,Rockstar Games,271590,0.6111,0.3889,61.1,38.9,Dem-lean,medium,0.689
Grand Theft Auto V Enhanced,,Action,Adventure,2025.0,Rockstar North,Rockstar Games,3240220,0.7748,0.2252,77.5,22.5,Dem-lean,high,0.82
Hotline Miami 2: Wrong Number,,Action,Indie,2015.0,Dennaton Games,Devolver Digital,274170,0.5394,0.4606,53.9,46.1,Dem-lean,low,0.581
Thief,,Action,Adventure,2014.0,Eidos-Montréal; Feral Interactive (Mac),Eidos Interactive Corp.; Feral Interactive (Mac),239160,0.5888,0.4112,58.9,41.1,Dem-lean,medium,0.671
South Park™: The Stick of Truth™,,Action,Adventure,2014.0,Obsidian Entertainment,Ubisoft,213670,0.6082,0.3918,60.8,39.2,Dem-lean,medium,0.687
Plague Inc: Evolved,,Casual,Indie,2016.0,Ndemic Creations,Ndemic Creations,246620,0.3221,0.6779,32.2,67.8,Rep-lean,medium,0.642
Pixel Puzzles: Japan,,Casual,Indie,2014.0,Pixel Puzzles,Pixel Puzzles,284950,0.3065,0.6935,30.7,69.3,Rep-lean,high,0.755
Pixel Puzzles Traditional Jigsaw Puzzles,,Casual,Indie,2019.0,Pixel Puzzles,Pixel Puzzles,1058200,0.4022,0.5978,40.2,59.8,Rep-lean,medium,0.678
Pixel Puzzles: UndeadZ,,Action,Casual,2014.0,Pixel Puzzles,Pixel Puzzles,285010,0.3455,0.6545,34.6,65.4,Rep-lean,medium,0.724
Pixel Puzzles Illustrations & Anime Jigsaw Puzzles,,Casual,Indie,2021.0,Pixel Puzzles,Pixel Puzzles,1005240,0.4427,0.5573,44.3,55.7,Rep-lean,medium,0.646
LEGO® The Hobbit™,,Action,Adventure,2014.0,Traveller's Tales; Feral Interactive (Mac),Warner Bros. Interactive Entertainment; Feral Interactive (Mac),285160,0.598,0.402,59.8,40.2,Dem-lean,medium,0.678
Metro 2033 Redux,,Action,,2014.0,4A Games,Deep Silver,286690,0.4598,0.5402,46.0,54.0,Rep-lean,medium,0.632
Metro: Last Light Redux,,Action,,2014.0,4A Games,Deep Silver,287390,0.4613,0.5387,46.1,53.9,Rep-lean,medium,0.631
METAL GEAR SOLID V: THE PHANTOM PAIN,,Action,Adventure,2015.0,KONAMI,KONAMI,287700,0.605,0.395,60.5,39.5,Dem-lean,medium,0.684
Serious Sam Classic: The First Encounter,,Action,Indie,2019.0,Croteam,Devolver Digital,41050,0.6406,0.3594,64.1,35.9,Dem-lean,medium,0.712
Serious Sam Classic: The Second Encounter,,Action,Indie,2019.0,Croteam,Devolver Digital,41060,0.6406,0.3594,64.1,35.9,Dem-lean,medium,0.712
Serious Sam Classics: Revolution,,Action,Indie,2019.0,Croteam; Alligator Pit,Devolver Digital,227780,0.6402,0.3598,64.0,36.0,Dem-lean,medium,0.712
FINAL FANTASY XIII,,RPG,,2014.0,Square Enix,Square Enix,292120,0.4234,0.5766,42.3,57.7,Rep-lean,medium,0.661
Watch_Dogs,,Action,Adventure,2014.0,Ubisoft,Ubisoft,243470,0.6235,0.3765,62.4,37.6,Dem-lean,medium,0.649
INSIDE,,Action,Adventure,2016.0,Playdead,Playdead,304430,0.6133,0.3867,61.3,38.7,Dem-lean,low,0.591
Sniper Elite 3,,Action,Adventure,2014.0,Rebellion,Rebellion,238090,0.6089,0.3911,60.9,39.1,Dem-lean,medium,0.687
Bloons TD5,,Action,Strategy,2014.0,Ninja Kiwi,Ninja Kiwi,306020,0.5053,0.4947,50.5,49.5,Dem-lean,medium,0.604
Fallout,,RPG,,2015.0,Interplay Inc.,Bethesda Softworks,38400,0.4632,0.5368,46.3,53.7,Rep-lean,medium,0.629
Fallout 2,,RPG,,2009.0,Black Isle Studios,Bethesda Softworks,38410,0.3423,0.6577,34.2,65.8,Rep-lean,medium,0.726
Fallout Tactics,,Strategy,,2009.0,14° East,Bethesda Softworks,38420,0.3268,0.6732,32.7,67.3,Rep-lean,medium,0.739
Warface: Clutch,,Action,Massively Multiplayer,2014.0,MY.GAMES,MY.GAMES,291480,0.4422,0.5578,44.2,55.8,Rep-lean,low,0.546
Microsoft Flight Simulator X: Steam Edition,,Simulation,,2014.0,Microsoft Game Studios,Xbox Game Studios,314160,0.3835,0.6165,38.3,61.7,Rep-lean,medium,0.693
The Red Solstice,,Strategy,,2015.0,Ironward,Ironward,265590,0.4149,0.5851,41.5,58.5,Rep-lean,medium,0.618
UNLOVED,,Action,,2016.0,BlueEagle Productions,Paul Schneider,321270,0.4781,0.5219,47.8,52.2,Rep-lean,low,0.517
Geometry Dash,,Action,Indie,2014.0,RobTop Games,RobTop Games,322170,0.5095,0.4905,50.9,49.1,Dem-lean,low,0.508
SteamWorld Heist,,RPG,Strategy,2016.0,Image & Form Games,Image & Form Games,322190,0.5092,0.4908,50.9,49.1,Dem-lean,medium,0.607
Sleeping Dogs: Definitive Edition,,Action,Adventure,2014.0,United Front Games; Feral Interactive (Mac),Square Enix; Feral Interactive (Mac),307690,0.5862,0.4138,58.6,41.4,Dem-lean,medium,0.619
Potatoman Seeks the Troof,,Indie,,2014.0,Pixeljam,Pixeljam,328500,0.3967,0.6033,39.7,60.3,Rep-lean,low,0.583
LEGO® Batman™: The Videogame,,Action,Adventure,2008.0,Traveller's Tales,Warner Bros. Interactive Entertainment,21000,0.4739,0.5261,47.4,52.6,Rep-lean,medium,0.621
LEGO® Batman™ 2: DC Super Heroes,,Action,Adventure,2012.0,TT Games,Warner Bros. Interactive Entertainment,213330,0.5561,0.4439,55.6,44.4,Dem-lean,medium,0.645
LEGO® Batman™ 3: Beyond Gotham,,Action,Adventure,2014.0,TT Games Ltd,WB Games,313690,0.5875,0.4125,58.8,41.2,Dem-lean,medium,0.67
Oddworld: Abe's Oddysee,,Adventure,,2008.0,Oddworld Inhabitants,Oddworld Inhabitants,15700,0.3376,0.6624,33.8,66.2,Rep-lean,medium,0.63
Oddworld: Stranger's Wrath HD,,Action,Adventure,2010.0,Oddworld Inhabitants,Oddworld Inhabitants,15750,0.4875,0.5125,48.8,51.2,Rep-lean,low,0.51
Valkyria Chronicles™,,Action,RPG,2014.0,SEGA,SEGA,294860,0.529,0.471,52.9,47.1,Dem-lean,low,0.573
Counter-Strike 2,,Action,Free To Play,2012.0,Valve,Valve,730,0.4934,0.5066,49.3,50.7,Rep-lean,low,0.555
Saints Row: Gat out of Hell,,Action,,2015.0,Deep Silver Volition; High Voltage Software,Deep Silver,301910,0.4924,0.5076,49.2,50.8,Rep-lean,medium,0.606
The Binding of Isaac: Rebirth,,Action,,2014.0,"Nicalis, Inc.; Edmund McMillen","Nicalis, Inc.",250900,0.4357,0.5643,43.6,56.4,Rep-lean,low,0.551
AdVenture Capitalist,,Casual,Indie,2015.0,Hyper Hippo Games,Hyper Hippo Games,346900,0.3047,0.6953,30.5,69.5,Rep-lean,medium,0.656
Wolfenstein: The New Order,,Action,,2014.0,MachineGames,Bethesda Softworks,201810,0.4732,0.5268,47.3,52.7,Rep-lean,medium,0.621
FINAL FANTASY X/X-2 HD Remaster,,RPG,,2016.0,Square Enix,Square Enix,359870,0.4652,0.5348,46.5,53.5,Rep-lean,medium,0.628
Killing Floor 2,,Action,,2016.0,Tripwire Interactive,Tripwire Interactive,232090,0.4781,0.5219,47.8,52.2,Rep-lean,low,0.517
Mega Man Legacy Collection,,Action,,2015.0,Capcom,Capcom,363440,0.476,0.524,47.6,52.4,Rep-lean,medium,0.619
Ori and the Blind Forest: Definitive Edition,,Action,,2016.0,Moon Studios GmbH,Xbox Game Studios,387290,0.4844,0.5156,48.4,51.6,Rep-lean,low,0.562
Quake Live,,Action,,2014.0,id Software,Bethesda Softworks,282440,0.4993,0.5007,49.9,50.1,Rep-lean,medium,0.601
STEINS;GATE,,Adventure,,2016.0,MAGES. Inc.,"Spike Chunsoft Co., Ltd.",412830,0.5001,0.4999,50.0,50.0,Dem-lean,low,0.5
Stardew Valley,,Indie,RPG,2016.0,ConcernedApe,ConcernedApe,413150,0.5159,0.4841,51.6,48.4,Dem-lean,low,0.513
Just Cause 3,,Action,Adventure,2015.0,Avalanche Studios,Square Enix,225540,0.6177,0.3823,61.8,38.2,Dem-lean,medium,0.694
The Metronomicon: Slay The Dance Floor,,Action,Indie,2016.0,Puuba,Akupara Games,416790,0.5551,0.4449,55.5,44.5,Dem-lean,low,0.594
Rising Storm 2: Vietnam,,Action,Massively Multiplayer,2017.0,Antimatter Games; Tripwire Interactive,Tripwire Interactive,418460,0.5083,0.4917,50.8,49.2,Dem-lean,low,0.557
The Deed,,Adventure,RPG,2015.0,Pilgrim Adventures; GrabTheGames Studios,GrabTheGames; WhisperGames; TheGamesFortress,420740,0.5784,0.4216,57.8,42.2,Dem-lean,medium,0.613
Dead Rising,,Action,Adventure,2016.0,Capcom,Capcom,427190,0.6393,0.3607,63.9,36.1,Dem-lean,medium,0.711
Tom Clancy's Rainbow Six® Siege X,,Action,Free To Play,2015.0,Ubisoft Montreal,Ubisoft,359550,0.5865,0.4135,58.6,41.4,Dem-lean,medium,0.669
Wallpaper Engine,,Gelegenheitsspiele,Indie,2018.0,Wallpaper Engine Team,Wallpaper Engine Team,431960,0.4796,0.5204,48.0,52.0,Rep-lean,low,0.516
Duke Nukem 3D: 20th Anniversary World Tour,,Action,Adventure,2016.0,"Nerve Software, Gearbox Software, LLC",Gearbox Publishing,434050,0.6006,0.3994,60.1,39.9,Dem-lean,medium,0.681
Space Pilgrim Episode III: Delta Pavonis,,Adventure,Indie,2016.0,Pilgrim Adventures; GrabTheGames Studios,GrabTheGames; TheGamesFortress,439250,0.6129,0.3871,61.3,38.7,Dem-lean,medium,0.69
Paladins,,Action,Adventure,2018.0,Evil Mojo Games,Hi-Rez Studios,444090,0.6534,0.3466,65.3,34.7,Dem-lean,medium,0.673
Asteroid Bounty Hunter,,Action,Adventure,2016.0,EGAMER,SA Industry,444220,0.6133,0.3867,61.3,38.7,Dem-lean,low,0.591
Space Pilgrim Episode IV: Sol,,Adventure,Indie,2016.0,Pilgrim Adventures; GrabTheGames Studios,GrabTheGames; TheGamesFortress,446640,0.6108,0.3892,61.1,38.9,Dem-lean,medium,0.689
The Deed: Dynasty,,Adventure,Indie,2016.0,Pilgrim Adventures,GrabTheGames; WhisperGames,460960,0.5917,0.4083,59.2,40.8,Dem-lean,medium,0.623
Darksiders,,Action,Adventure,2010.0,Vigil Games,THQ Nordic,50620,0.5049,0.4951,50.5,49.5,Dem-lean,medium,0.604
Darksiders Warmastered Edition,,Action,Adventure,2016.0,KAIKO; Vigil Games,THQ Nordic,462780,0.6296,0.3704,63.0,37.0,Dem-lean,medium,0.704
STAR WARS™: X-Wing Special Edition,,Action,Simulation,2015.0,Lucasfim,LucasArts; Lucasfim; Disney,354430,0.5524,0.4476,55.2,44.8,Dem-lean,low,0.592
STAR WARS™: TIE Fighter Special Edition,,Action,,2015.0,Totally Games,LucasArts; Lucasfilm; Disney,355250,0.5378,0.4622,53.8,46.2,Dem-lean,medium,0.63
STAR WARS™ Galactic Battlegrounds Saga,,Action,Strategy,2016.0,Ensemble Studios,Disney; Lucasfilm; LucasArts,356500,0.5878,0.4122,58.8,41.2,Dem-lean,medium,0.62
STAR WARS™: X-Wing Alliance™,,Action,,2015.0,Totally Games,LucasArts; Lucasfilm; Disney,361670,0.5323,0.4677,53.2,46.8,Dem-lean,medium,0.626
STAR WARS™ X-Wing vs TIE Fighter: Balance of Power Campaigns™,,Action,Simulation,2015.0,Totally Games,LucasArts; Lucasfilm; Disney,361690,0.5688,0.4312,56.9,43.1,Dem-lean,medium,0.655
STAR WARS™ Rebellion,,Strategy,,2016.0,Coolhand Interactive,LucasArts; Lucasfilm; Disney,441550,0.4955,0.5045,49.6,50.4,Rep-lean,medium,0.604
STAR WARS™: Rogue Squadron 3D,,Action,Simulation,2016.0,Factor 5; LucasArts,LucasArts; Lucasfilm; Disney,455910,0.5979,0.4021,59.8,40.2,Dem-lean,medium,0.678
STAR WARS™: Rebel Assault I + II,,Action,Simulation,2016.0,LucasArts,LucasArts; Lucasfilm; Disney,456540,0.6017,0.3983,60.2,39.8,Dem-lean,medium,0.681
DOOM,,Action,,2016.0,id Software,Bethesda Softworks,379720,0.5429,0.4571,54.3,45.7,Dem-lean,medium,0.634
Candy Blast,,Casual,Indie,2016.0,White Rabbit Games,White Rabbit Games,474050,0.3221,0.6779,32.2,67.8,Rep-lean,medium,0.642
Homefront: The Revolution,,Action,Adventure,2016.0,Dambuster Studios,Deep Silver,223100,0.6319,0.3681,63.2,36.8,Dem-lean,medium,0.706
Hearts of Iron IV,,Simulationen,Strategie,2016.0,Paradox Development Studio,Paradox Interactive,394360,0.3675,0.6325,36.8,63.2,Rep-lean,low,0.556
Dead Island Retro Revenge,,Action,,2016.0,Empty Clip Studios,Deep Silver,337360,0.5147,0.4853,51.5,48.5,Dem-lean,medium,0.612
Dead Island Definitive Edition,,Action,,2016.0,Techland,Deep Silver,383150,0.5296,0.4704,53.0,47.0,Dem-lean,medium,0.624
Dead Island Riptide Definitive Edition,,Action,,2016.0,Techland,Deep Silver,383180,0.5296,0.4704,53.0,47.0,Dem-lean,medium,0.624
Sherlock Holmes: Nemesis,,Adventure,RPG,2008.0,Frogwares,Frogwares,11040,0.46,0.54,46.0,54.0,Rep-lean,medium,0.632
Sherlock Holmes: The Awakened (2008),,Adventure,,2009.0,Frogwares,Frogwares,11140,0.4038,0.5962,40.4,59.6,Rep-lean,medium,0.677
Sherlock Holmes: The Secret of the Silver Earring,,Adventure,,2009.0,Frogwares,Frogwares,11150,0.4038,0.5962,40.4,59.6,Rep-lean,medium,0.677
Sherlock Holmes: The Mystery of The Persian Carpet,,Adventure,Casual,,Frogwares,Frogwares,11180,0.1745,0.8255,17.4,82.6,Rep-lean,high,0.81
Sherlock Holmes versus Jack the Ripper,,Adventure,RPG,2009.0,Frogwares,Frogwares,11190,0.4703,0.5297,47.0,53.0,Rep-lean,medium,0.624
The Testament of Sherlock Holmes,,Adventure,,2012.0,Frogwares,Frogwares,205650,0.4552,0.5448,45.5,54.5,Rep-lean,medium,0.636
The Elder Scrolls V: Skyrim Special Edition,,RPG,,2016.0,Bethesda Game Studios,Bethesda Softworks,489830,0.4973,0.5027,49.7,50.3,Rep-lean,medium,0.602
Dishonored 2,,Action,,2016.0,Arkane Studios,Bethesda Softworks,403640,0.5139,0.4861,51.4,48.6,Dem-lean,low,0.561
Mega Man Legacy Collection 2,,Action,,2017.0,"CAPCOM CO., LTD","CAPCOM CO., LTD",495050,0.5187,0.4813,51.9,48.1,Dem-lean,medium,0.615
State of Decay 2,,Action,RPG,2020.0,Undead Labs,Xbox Game Studios,495420,0.643,0.357,64.3,35.7,Dem-lean,medium,0.664
ACE COMBAT™7: SKIES UNKNOWN,,Action,Simulation,2019.0,Bandai Namco Studios Inc.,Bandai Namco Entertainment,502500,0.5808,0.4192,58.1,41.9,Dem-lean,medium,0.615
STAR WARS™ Republic Commando,,Action,,2009.0,LucasArts,LucasArts; Lucasfilm; Disney,6000,0.4183,0.5817,41.8,58.2,Rep-lean,medium,0.665
STAR WARS™ Jedi Knight: Jedi Academy™,,Action,,2009.0,Raven Software,LucasArts; Lucasfilm; Disney,6020,0.4109,0.5891,41.1,58.9,Rep-lean,medium,0.671
STAR WARS™ Jedi Knight II: Jedi Outcast™,,Action,,2009.0,Raven Software,LucasArts; Lucasfilm; Disney,6030,0.4168,0.5832,41.7,58.3,Rep-lean,medium,0.667
"Star Wars: Battlefront 2 (Classic, 2005)",,Action,,2009.0,Pandemic Studios,Lucasfilm; LucasArts; Disney,6060,0.3651,0.6349,36.5,63.5,Rep-lean,medium,0.658
STAR WARS™ Starfighter™,,Action,Simulation,2009.0,LucasArts,LucasArts; Lucasfilm; Disney,32350,0.45,0.55,45.0,55.0,Rep-lean,medium,0.64
STAR WARS™ Knights of the Old Republic™,,Adventure,RPG,2009.0,BioWare; Aspyr (Mac),LucasArts; Aspyr (Mac); Disney; Lucasfilm,32370,0.4875,0.5125,48.7,51.3,Rep-lean,medium,0.61
STAR WARS™ Jedi Knight: Dark Forces II,,Action,,2009.0,LucasArts,LucasArts; Lucasfilm; Disney,32380,0.4301,0.5699,43.0,57.0,Rep-lean,medium,0.656
STAR WARS™ Jedi Knight: Mysteries of the Sith™,,Action,,2009.0,LucasArts,LucasArts; Lucasfilm; Disney,32390,0.4257,0.5743,42.6,57.4,Rep-lean,medium,0.659
STAR WARS™: Dark Forces,,Action,,2009.0,LucasArts,LucasArts; Lucasfilm; Disney,32400,0.4215,0.5785,42.2,57.8,Rep-lean,medium,0.663
STAR WARS™: The Clone Wars - Republic Heroes™,,Action,,2009.0,Krome Studios,LucasArts; Lucasfilm; Disney,32420,0.407,0.593,40.7,59.3,Rep-lean,medium,0.674
STAR WARS™: The Force Unleashed™ Ultimate Sith Edition,,Action,,2009.0,LucasArts,LucasArts; Lucasfilm; Disney,32430,0.4266,0.5734,42.7,57.3,Rep-lean,medium,0.659
STAR WARS™ Empire at War: Gold Pack,,Strategy,,2010.0,Petroglyph,LucasArts; Lucasfilm; Disney,32470,0.3767,0.6233,37.7,62.3,Rep-lean,medium,0.699
STAR WARS™: The Force Unleashed™ II,,Action,,2010.0,Aspyr Studios,LucasArts; Lucasfilm; Disney,32500,0.4323,0.5677,43.2,56.8,Rep-lean,medium,0.654
STAR WARS™ Knights of the Old Republic™ II: The Sith Lords™,,RPG,,2012.0,"Obsidian Entertainment; Aspyr (Mac, Linux, & Windows Update)","LucasArts; Lucasfilm; Aspyr (Mac, Linux)",208580,0.4298,0.5702,43.0,57.0,Rep-lean,medium,0.656
Celeste,,Action,Adventure,2018.0,"Maddy Makes Games Inc.; Extremely OK Games, Ltd.",Maddy Makes Games Inc.,504230,0.652,0.348,65.2,34.8,Dem-lean,medium,0.622
Aliens vs. Predator,,Action,,2010.0,Rebellion,SEGA,10680,0.3779,0.6221,37.8,62.2,Rep-lean,medium,0.648
Sniper Elite 4,,Action,Adventure,2017.0,Rebellion,Rebellion,312660,0.6663,0.3337,66.6,33.4,Dem-lean,medium,0.733
The Disney Afternoon Collection,,Action,,2017.0,Capcom; Digital Eclipse,Capcom,525040,0.5137,0.4863,51.4,48.6,Dem-lean,low,0.561
Crown Champion: Legends of the Arena,,Action,Adventure,2016.0,Pilgrim Adventures,GrabTheGames,527710,0.635,0.365,63.5,36.5,Dem-lean,medium,0.708
BioShock,,Action,RPG,2007.0,2K Boston; 2K Australia,2K,7670,0.388,0.612,38.8,61.2,Rep-lean,medium,0.69
BioShock 2,,Action,,2010.0,2K Marin; 2K China; Digital Extremes; 2K Australia,2K,8850,0.3746,0.6254,37.5,62.5,Rep-lean,medium,0.7
BioShock Infinite,,Action,,2013.0,Irrational Games; Virtual Programming (Linux),2K,8870,0.4361,0.5639,43.6,56.4,Rep-lean,medium,0.651
BioShock Remastered,,Action,RPG,2016.0,2K Boston; 2K Australia; Blind Squirrel; Feral Interactive (Mac),2K; Feral Interactive (Mac),409710,0.5779,0.4221,57.8,42.2,Dem-lean,medium,0.662
BioShock 2 Remastered,,Action,RPG,2016.0,2K Marin; 2K China; Digital Extremes; 2K Australia; Blind Squirrel; Feral Interactive (Mac),2K; Feral Interactive (Mac),409720,0.5779,0.4221,57.8,42.2,Dem-lean,medium,0.662
Resident Evil 7 Biohazard,,Action,Adventure,2017.0,"CAPCOM Co., Ltd.","CAPCOM Co., Ltd.",418370,0.6745,0.3255,67.4,32.6,Dem-lean,medium,0.74
Prey,,Action,Adventure,2017.0,Arkane Studios,Bethesda Softworks,480490,0.6647,0.3353,66.5,33.5,Dem-lean,medium,0.682
Police Stories,,Action,Indie,2019.0,HypeTrain Digital,HypeTrain Digital,539470,0.6136,0.3864,61.4,38.6,Dem-lean,low,0.591
Deep Rock Galactic,,Action,,2020.0,Ghost Ship Games,Coffee Stain Publishing,548430,0.5666,0.4334,56.7,43.3,Dem-lean,medium,0.603
Black Squad,,Action,,2019.0,VALOFE; NS STUDIO,VALOFE,550650,0.4612,0.5388,46.1,53.9,Rep-lean,low,0.581
HELLDIVERS™ 2,,Action,,2024.0,Arrowhead Game Studios,PlayStation Publishing LLC,553850,0.6427,0.3573,64.3,35.7,Dem-lean,medium,0.614
Watch_Dogs 2,,Action,Adventure,2016.0,Ubisoft,Ubisoft,447040,0.6618,0.3382,66.2,33.8,Dem-lean,medium,0.679
Bulletstorm: Full Clip Edition,,Action,Adventure,2017.0,People Can Fly,Gearbox Publishing,501590,0.6352,0.3648,63.5,36.5,Dem-lean,medium,0.658
SteamWorld Dig 2,,Action,Adventure,2017.0,Image & Form Games,Image & Form Games,571310,0.6389,0.3611,63.9,36.1,Dem-lean,medium,0.711
LEGO® City Undercover,,Action,,2017.0,Traveller's Tales,TT Games,578330,0.514,0.486,51.4,48.6,Dem-lean,medium,0.611
The Outer Worlds,,RPG,,2020.0,Obsidian Entertainment,Private Division,578650,0.531,0.469,53.1,46.9,Dem-lean,low,0.575
Super Meat Boy Forever,,Action,Adventure,2022.0,Team Meat,Team Meat,581660,0.7227,0.2773,72.3,27.7,Dem-lean,medium,0.728
ENDLESS™ Space - Definitive Edition,,Strategy,,2012.0,AMPLITUDE Studios,SEGA,208140,0.3654,0.6346,36.5,63.5,Rep-lean,medium,0.708
Dead Cells,,Action,Adventure,2018.0,Motion Twin,Motion Twin,588650,0.6624,0.3376,66.2,33.8,Dem-lean,medium,0.68
Tom Clancy's Ghost Recon® Wildlands,,Action,Adventure,2017.0,Ubisoft Paris; Ubisoft Annecy; Ubisoft Bucharest; Ubisoft Montpellier; Ubisoft Milan; Reflections; Ubisoft Belgrade,Ubisoft,460930,0.7132,0.2868,71.3,28.7,Dem-lean,high,0.771
Crisis in the Kremlin,,Indie,Simulation,2017.0,Nostalgames,Nostalgames,599750,0.4953,0.5047,49.5,50.5,Rep-lean,low,0.504
Rise of the Tomb Raider,,Action,Adventure,2016.0,Crystal Dynamics; Eidos-Montréal; Feral Interactive (Mac); Feral Interactive (Linux); Nixxes,Crystal Dynamics; Feral Interactive (Mac); Feral Interactive (Linux),391220,0.6179,0.3821,61.8,38.2,Dem-lean,medium,0.644
LEGO® Worlds,,Adventure,,2017.0,TT Games; Traveller's Tales,Warner Bros. Interactive Entertainment,332310,0.5473,0.4527,54.7,45.3,Dem-lean,medium,0.638
Wolfenstein II: The New Colossus,,Action,,2017.0,MachineGames,Bethesda Softworks,612880,0.5472,0.4528,54.7,45.3,Dem-lean,medium,0.638
Bayonetta,,Action,Adventure,2017.0,PlatinumGames,SEGA,460790,0.6462,0.3538,64.6,35.4,Dem-lean,medium,0.667
Dead Drop,,Action,Casual,2017.0,Ethan Waite,Volens Nolens Games,587970,0.3926,0.6074,39.3,60.7,Rep-lean,medium,0.636
Devil May Cry HD Collection,,Action,,2018.0,"CAPCOM Co., Ltd.","CAPCOM Co., Ltd.",631510,0.5588,0.4412,55.9,44.1,Dem-lean,medium,0.647
Risk of Rain 2,,Action,Indie,2020.0,Hopoo Games,Gearbox Publishing,632360,0.637,0.363,63.7,36.3,Dem-lean,medium,0.71
Sentience: The Android's Tale,,Adventure,Indie,2017.0,Pilgrim Adventures,GrabTheGames,635850,0.6127,0.3873,61.3,38.7,Dem-lean,medium,0.69
The LEGO® NINJAGO® Movie Video Game,,Action,,2017.0,Traveller's Tales; TT Games,Warner Bros. Interactive Entertainment,640590,0.5258,0.4742,52.6,47.4,Dem-lean,medium,0.621
"Sorry, James",,Adventure,Casual,2017.0,Konstructors,Hook Games; GrabTheGames; WhisperGames,659190,0.4082,0.5918,40.8,59.2,Rep-lean,medium,0.623
Red Faction: Guerrilla Steam Edition,,Action,,2009.0,Volition; Reactor Zero; THQ Nordic,Deep Silver,20500,0.38,0.62,38.0,62.0,Rep-lean,medium,0.696
Red Faction Guerrilla Re-Mars-tered,,,,2018.0,Volition; KAIKO,Deep Silver,667720,0.4509,0.5491,45.1,54.9,Rep-lean,low,0.589
BattleBit Remastered,,Action,Massively Multiplayer,2023.0,SgtOkiDoki; Vilaskis; TheLiquidHorse,SgtOkiDoki,671860,0.6293,0.3707,62.9,37.1,Dem-lean,medium,0.603
Sniper Ghost Warrior 3,,Action,,2017.0,CI Games,CI Games,368070,0.5291,0.4709,52.9,47.1,Dem-lean,medium,0.623
Splitgate,,Action,Free To Play,2019.0,1047 Games,1047 Games,677620,0.5624,0.4376,56.2,43.8,Dem-lean,low,0.55
Totally Mayhem,,Violent,Indie,2017.0,Mihai Morosanu,Mihai Morosanu,679740,0.4586,0.5414,45.9,54.1,Rep-lean,low,0.533
GRIS,,Adventure,Indie,2018.0,Nomada Studio,Devolver Digital,683320,0.6216,0.3784,62.2,37.8,Dem-lean,medium,0.647
Pure Farming 2018,,Simulation,,2018.0,Ice Flames,Techland Publishing,534370,0.4567,0.5433,45.7,54.3,Rep-lean,low,0.585
SUPERHOT: MIND CONTROL DELETE,,Action,Indie,2020.0,SUPERHOT Team,SUPERHOT Team,690040,0.6332,0.3668,63.3,36.7,Dem-lean,medium,0.607
Space Pilgrim Academy: Year 1,,Adventure,Indie,2017.0,Pilgrim Adventures,GrabTheGames,694370,0.6298,0.3702,63.0,37.0,Dem-lean,medium,0.704
Fallout 4,,RPG,,2015.0,Bethesda Game Studios,Bethesda Softworks,377160,0.47,0.53,47.0,53.0,Rep-lean,medium,0.624
Planet Zoo,,Casual,Simulation,2019.0,Frontier Developments,Frontier Developments,703080,0.3444,0.6556,34.4,65.6,Rep-lean,medium,0.625
BRINK,,Action,Free To Play,2011.0,Splash Damage,Bethesda Softworks,22350,0.4258,0.5742,42.6,57.4,Rep-lean,medium,0.609
BLOCKPOST LEGACY,,Action,Indie,2019.0,Skullcap Studios,Skullcap Studios,706990,0.6183,0.3817,61.8,38.2,Dem-lean,medium,0.645
Darksiders Genesis,,Action,Adventure,2019.0,Airship Syndicate,THQ Nordic,710920,0.6853,0.3147,68.5,31.5,Dem-lean,medium,0.748
Deus Ex: Game of the Year Edition,,Action,,2007.0,Ion Storm,Eidos Interactive Corp.,6910,0.3338,0.6662,33.4,66.6,Rep-lean,medium,0.733
Deus Ex: Invisible War,,Action,,2007.0,Ion Storm,Eidos Interactive Corp.,6920,0.3157,0.6843,31.6,68.4,Rep-lean,medium,0.747
Deus Ex: Human Revolution - Director's Cut,,Action,RPG,2013.0,Eidos Montreal,Eidos Interactive Corp.,238010,0.5207,0.4793,52.1,47.9,Dem-lean,medium,0.617
Deus Ex: The Fall,,Action,Adventure,2014.0,,Eidos Interactive Corp.,258180,0.6021,0.3979,60.2,39.8,Dem-lean,medium,0.682
Deus Ex: Mankind Divided™,,Action,RPG,2016.0,Eidos Montreal; Feral Interactive (Linux/Mac),Eidos Interactive Corp.; Feral Interactive (Linux/Mac),337000,0.582,0.418,58.2,41.8,Dem-lean,medium,0.666
Sniper Elite V2,,Action,,,Rebellion,Rebellion,63380,0.2197,0.7803,22.0,78.0,Rep-lean,high,0.774
Sniper Elite V2 Remastered,,Action,,2019.0,Rebellion,Rebellion,728740,0.5789,0.4211,57.9,42.1,Dem-lean,medium,0.663
Borderlands GOTY,,Action,RPG,2023.0,Gearbox Software,2K,8980,0.7154,0.2846,71.5,28.5,Dem-lean,high,0.772
Borderlands GOTY Enhanced,,Action,RPG,2023.0,Gearbox Software; Blind Squirrel Games,2K,729040,0.7154,0.2846,71.5,28.5,Dem-lean,high,0.772
The Curse of Monkey Island,,Adventure,,2018.0,LucasArts,LucasArts; Lucasfilm; Disney,730820,0.5912,0.4088,59.1,40.9,Dem-lean,medium,0.673
Crash Bandicoot™ N. Sane Trilogy,,Action,,2018.0,Vicarious Visions; Iron Galaxy Studios,Activision,731490,0.1657,0.8343,16.6,83.4,Rep-lean,high,0.817
Mafia II (Classic),,Action,,2011.0,2K Czech,2K,50130,0.3986,0.6014,39.9,60.1,Rep-lean,medium,0.681
Mafia III: Definitive Edition,,Action,Adventure,2020.0,Hangar 13; Aspyr (Mac),2K; Aspyr (Mac),360430,0.7066,0.2934,70.7,29.3,Dem-lean,high,0.765
Mafia II: Definitive Edition,,Action,Adventure,2020.0,Hangar 13; D3T,2K,1030830,0.7102,0.2898,71.0,29.0,Dem-lean,high,0.768
Mafia: Definitive Edition,,Action,Adventure,2020.0,Hangar 13,2K,1030840,0.7006,0.2994,70.1,29.9,Dem-lean,medium,0.71
Kingdom Come: Deliverance,,Action,Adventure,2018.0,Warhorse Studios,Warhorse Studios; Deep Silver,379430,0.668,0.332,66.8,33.2,Dem-lean,medium,0.684
Muse Dash,,Action,Casual,2019.0,peropero,hasuhasu,774171,0.4216,0.5784,42.2,57.8,Rep-lean,low,0.563
Kingdom: New Lands,,Indie,Simulation,2016.0,Noio,Raw Fury,496300,0.4786,0.5214,47.9,52.1,Rep-lean,low,0.567
Blasphemous,,Action,Adventure,2019.0,The Game Kitchen,Team17,774361,0.6704,0.3296,67.0,33.0,Dem-lean,medium,0.636
Phoenix Wright: Ace Attorney Trilogy,,Adventure,,2019.0,"CAPCOM Co., Ltd.","CAPCOM Co., Ltd.",787480,0.597,0.403,59.7,40.3,Dem-lean,medium,0.678
The Darkside Detective: A Fumble in the Dark,,Adventure,Casual,2021.0,Spooky Doorway,Akupara Games,795420,0.4885,0.5115,48.9,51.1,Rep-lean,medium,0.609
South Park The Fractured But Whole,,RPG,,2017.0,Ubisoft San Francisco,Ubisoft,488790,0.5188,0.4812,51.9,48.1,Dem-lean,medium,0.615
SteamWorld Quest: Hand of Gilgamech,,Adventure,RPG,2019.0,Image & Form Games,Thunderful Publishing,804010,0.6413,0.3587,64.1,35.9,Dem-lean,medium,0.713
Realm Royale Reforged,,Action,Free To Play,2018.0,Heroic Leap Games,Hi-Rez Studios,813820,0.543,0.457,54.3,45.7,Dem-lean,low,0.584
Injustice™ 2,,Action,,2017.0,NetherRealm Studios; QLOC,WB Games,627270,0.5035,0.4965,50.3,49.7,Dem-lean,low,0.553
Box Maze Extreme,,Action,Adventure,2018.0,GamersHype Productions,SA Industry,818890,0.6579,0.3421,65.8,34.2,Dem-lean,medium,0.676
Z1 Battle Royale,,Action,Adventure,2018.0,Daybreak Game Company,Daybreak Game Company,433850,0.6558,0.3442,65.6,34.4,Dem-lean,medium,0.675
H1Z1: Test Server,,Massively Multiplayer,,2016.0,Daybreak Game Company,Daybreak Game Company,439700,0.3772,0.6228,37.7,62.3,Rep-lean,medium,0.648
Space Pilgrim Academy: Year 2,,Adventure,Indie,2018.0,Pilgrim Adventures,GrabTheGames,831120,0.6488,0.3512,64.9,35.1,Dem-lean,medium,0.719
Zombie Derby,,Action,Indie,2018.0,Brinemedia,Brinemedia,831770,0.5956,0.4044,59.6,40.4,Dem-lean,medium,0.627
Call of Juarez Gunslinger,,Action,,2013.0,Techland,Techland Publishing,204450,0.2201,0.7799,22.0,78.0,Rep-lean,high,0.824
Hitman: Absolution,,Action,,2012.0,Io-Interactive A/S,Io-Interactive A/S,203140,0.4165,0.5835,41.6,58.4,Rep-lean,medium,0.667
Sunset Overdrive,,Action,Adventure,2018.0,Insomniac Games; Blind Squirrel Games,Xbox Game Studios,847370,0.6575,0.3425,65.7,34.3,Dem-lean,medium,0.676
Shadow of the Tomb Raider,,Action,Adventure,2018.0,Eidos-Montréal; Crystal Dynamics; Nixxes; Feral Interactive (Mac); Feral interactive (Linux),Crystal Dynamics; Feral Interactive (Mac); Feral interactive (Linux),750920,0.6563,0.3437,65.6,34.4,Dem-lean,medium,0.675
Exfil,,Action,Indie,2024.0,Misultin Studios,MicroProse Software,860020,0.7053,0.2947,70.5,29.5,Dem-lean,medium,0.664
Little Nightmares II,,Adventure,,2021.0,Tarsier Studios,BANDAI NAMCO Entertainment,860510,0.6034,0.3966,60.3,39.7,Dem-lean,low,0.583
Control Ultimate Edition,,Action,Adventure,2020.0,Remedy Entertainment,Remedy Entertainment,870780,0.6922,0.3078,69.2,30.8,Dem-lean,medium,0.704
Rogue Company,,Action,Free To Play,2021.0,First Watch Games,Hi-Rez Studios,872200,0.6058,0.3942,60.6,39.4,Dem-lean,medium,0.685
Yakuza 0,,Action,Adventure,2018.0,Ryu Ga Gotoku Studio,SEGA,638970,0.6664,0.3336,66.6,33.4,Dem-lean,medium,0.733
Middle-earth™: Shadow of War™,,Action,Adventure,2017.0,Monolith Productions,WB Games,356190,0.6227,0.3773,62.3,37.7,Dem-lean,medium,0.698
Resident Evil 2,,Ação,,2019.0,"CAPCOM Co., Ltd.","CAPCOM Co., Ltd.",883710,0.4731,0.5269,47.3,52.7,Rep-lean,low,0.572
Monster Hunter: World,,Action,,2018.0,"CAPCOM Co., Ltd.","CAPCOM Co., Ltd.",582010,0.5257,0.4743,52.6,47.4,Dem-lean,medium,0.621
Yakuza Kiwami,,Action,Adventure,2019.0,Ryu Ga Gotoku Studio,SEGA,834530,0.6843,0.3157,68.4,31.6,Dem-lean,medium,0.747
Aimlabs,,Action,Adventure,2023.0,Statespace,Statespace,714010,0.737,0.263,73.7,26.3,Dem-lean,medium,0.69
Darksiders III,,Action,Adventure,2018.0,Gunfire Games,THQ Nordic,606280,0.6708,0.3292,67.1,32.9,Dem-lean,medium,0.737
GOD EATER 3,,Action,,2019.0,BANDAI NAMCO Studios Inc.,BANDAI NAMCO Entertainment,899440,0.5419,0.4581,54.2,45.8,Dem-lean,low,0.534
Assassin's Creed III Remastered,,Action,Adventure,2019.0,Ubisoft Entertainment,Ubisoft Entertainment				,911400,0.7258,0.2742,72.6,27.4,Dem-lean,high,0.781
Pixel Strike 3D,,Action,Adventure,2020.0,Vulcron,Vulcron,915320,0.6949,0.3051,69.5,30.5,Dem-lean,medium,0.706
LEGO® Star Wars™: The Skywalker Saga,,Action,Adventure,2022.0,TT Games,Warner Bros. Games; Warner Bros. Interactive Entertainment,920210,0.7751,0.2249,77.5,22.5,Dem-lean,high,0.82
Modern Combat 5,,Action,Free To Play,2018.0,Gameloft,Gameloft,921060,0.4417,0.5583,44.2,55.8,Rep-lean,low,0.597
Quake Champions,,Action,Free To Play,2022.0,id Software,Bethesda Softworks,611500,0.6798,0.3202,68.0,32.0,Dem-lean,medium,0.744
Hand Simulator: Survival,,Action,Adventure,2019.0,HFM Games,HFM Games,924140,0.6704,0.3296,67.0,33.0,Dem-lean,medium,0.636
Metro Exodus,,Action,,2020.0,4A Games,Deep Silver,412020,0.5863,0.4137,58.6,41.4,Dem-lean,medium,0.669
Metro Exodus Enhanced Edition,,Action,,2020.0,4A Games,Deep Silver,1449560,0.5863,0.4137,58.6,41.4,Dem-lean,medium,0.669
Space Pilgrim Academy: Year 3,,Adventure,Indie,2018.0,Pilgrim Adventures,GrabTheGames,936650,0.6488,0.3512,64.9,35.1,Dem-lean,medium,0.719
Bloons TD 6,,Strategy,,2018.0,Ninja Kiwi,Ninja Kiwi,960090,0.4753,0.5247,47.5,52.5,Rep-lean,medium,0.62
Heavy Rain,,Action,Adventure,2020.0,Quantic Dream,Quantic Dream,960910,0.6896,0.3104,69.0,31.0,Dem-lean,medium,0.702
Beyond: Two Souls,,Action,Adventure,2020.0,Quantic Dream,Quantic Dream,960990,0.6882,0.3118,68.8,31.2,Dem-lean,medium,0.651
Walking Zombie 2,,Action,Adventure,2019.0,Alda Games,Alda Games,965200,0.6723,0.3277,67.2,32.8,Dem-lean,medium,0.688
Mortal Kombat 11,,Action,,2019.0,NetherRealm Studios; QLOC; Shiver,Warner Bros. Games; Warner Bros. Interactive Entertainment,976310,0.5634,0.4366,56.3,43.7,Dem-lean,medium,0.601
Batman: Arkham Asylum GOTY Edition,,Action,Adventure,2010.0,Rocksteady Studios,WB Games,35140,0.4958,0.5042,49.6,50.4,Rep-lean,medium,0.603
Batman: Arkham City GOTY,,Action,Adventure,2012.0,Rocksteady Studios,WB Games,200260,0.5405,0.4595,54.0,46.0,Dem-lean,medium,0.632
Batman™: Arkham Knight,,Action,Adventure,2015.0,Rocksteady Studios,WB Games,208650,0.6036,0.3964,60.4,39.6,Dem-lean,medium,0.683
Borderlands 2,,Action,RPG,2012.0,Gearbox Software; Aspyr (Mac); Aspyr (Linux),2K; Aspyr (Mac); Aspyr (Linux),49520,0.5012,0.4988,50.1,49.9,Dem-lean,medium,0.601
Borderlands: The Pre-Sequel,,Action,RPG,2014.0,2K Australia; Gearbox Software; Aspyr (Linux),2K; Aspyr (Linux),261640,0.5417,0.4583,54.2,45.8,Dem-lean,low,0.583
Collapse: A Political Simulator,,Indie,Simulation,2021.0,Nostalgames,Nostalgames,990260,0.587,0.413,58.7,41.3,Dem-lean,medium,0.62
The Last Campfire,,Adventure,Indie,2021.0,Hello Games,Hello Games,990630,0.6701,0.3299,67.0,33.0,Dem-lean,medium,0.636
Spyro™ Reignited Trilogy,,Action,Adventure,2019.0,Toys for Bob; Iron Galaxy Studios,Activision,996580,0.2557,0.7443,25.6,74.4,Rep-lean,medium,0.745
Ynglet,,Action,Adventure,2021.0,Nifflas,Akupara Games,1015920,0.7076,0.2924,70.8,29.2,Dem-lean,medium,0.716
Castlevania Anniversary Collection,,Action,Adventure,2019.0,KONAMI,KONAMI,1018010,0.6747,0.3253,67.5,32.5,Dem-lean,medium,0.69
Space Pilgrim Academy: Reunion,,Adventure,Indie,2019.0,Pilgrim Adventures,GrabTheGames,1020590,0.6607,0.3393,66.1,33.9,Dem-lean,medium,0.729
Super Lucky's Tale,,Action,Adventure,2018.0,Playful Corp.,Xbox Game Studios,847360,0.6598,0.3402,66.0,34.0,Dem-lean,medium,0.728
New Super Lucky's Tale,,Action,Adventure,2020.0,Playful Corp.,Playful Corp.,1038300,0.694,0.306,69.4,30.6,Dem-lean,medium,0.705
Yakuza Kiwami 2,,Action,Adventure,2019.0,Ryu Ga Gotoku Studio,SEGA,927380,0.6843,0.3157,68.4,31.6,Dem-lean,medium,0.747
A Sceptic's Guide to Magic,,Adventure,Indie,2019.0,Pilgrim Adventures,GrabTheGames,1074520,0.6502,0.3498,65.0,35.0,Dem-lean,medium,0.67
Mutazione,,Adventure,Indie,2019.0,Die Gute Fabrik,Akupara Games,1080750,0.6358,0.3642,63.6,36.4,Dem-lean,medium,0.659
Rebel Inc: Escalation,,Casual,Indie,2021.0,Ndemic Creations,Ndemic Creations,1088790,0.4173,0.5827,41.7,58.3,Rep-lean,low,0.566
The Henry Stickmin Collection,,Adventure,Casual,2020.0,PuffballsUnited,Innersloth,1089980,0.4571,0.5429,45.7,54.3,Rep-lean,low,0.534
Cyberpunk 2077,,RPG,,2020.0,CD PROJEKT RED,CD PROJEKT RED,1091500,0.531,0.469,53.1,46.9,Dem-lean,low,0.575
Halo: The Master Chief Collection,,Action,,2019.0,343 Industries; Splash Damage; Ruffian Games; Bungie; Saber Interactive,Xbox Game Studios,976730,0.55,0.45,55.0,45.0,Dem-lean,medium,0.64
Internet Cafe Simulator,,Adventure,Indie,2019.0,Cheesecake Dev,Cheesecake Dev,1136160,0.6407,0.3593,64.1,35.9,Dem-lean,medium,0.663
Space Pilgrim Episode I: Alpha Centauri,,Adventure,Indie,2015.0,Pilgrim Adventures; GrabTheGames Studios,GrabTheGames; TheGamesFortress,429470,0.5876,0.4124,58.8,41.2,Dem-lean,medium,0.67
Beyond a Steel Sky,,Action,Adventure,2020.0,Revolution Software Ltd,Revolution Software Ltd,1146310,0.6918,0.3082,69.2,30.8,Dem-lean,medium,0.703
DOOM 64,,Action,,2020.0,id Software; Nightdive Studios,Bethesda Softworks,1148590,0.6248,0.3752,62.5,37.5,Dem-lean,medium,0.7
The Deed II,,Adventure,Indie,2020.0,Pilgrim Adventures,GrabTheGames,1155660,0.6685,0.3315,66.9,33.1,Dem-lean,medium,0.685
Destiny 2,,Action,Adventure,2019.0,Bungie,Bungie,1085660,0.6704,0.3296,67.0,33.0,Dem-lean,medium,0.636
Valfaris,,Action,Indie,2019.0,Steel Mantis,Silver Lining Interactive,600130,0.6136,0.3864,61.4,38.6,Dem-lean,low,0.591
Apex Legends,,Action,Adventure,2020.0,Respawn,Electronic Arts,1172470,0.7318,0.2682,73.2,26.8,Dem-lean,high,0.785
STAR WARS Jedi: Fallen Order™ ,,Action,Adventure,2019.0,Respawn Entertainment,Electronic Arts,1172380,0.7507,0.2493,75.1,24.9,Dem-lean,high,0.801
Red Dead Redemption 2,,Action,Adventure,2019.0,Rockstar Games,Rockstar Games,1174180,0.6982,0.3018,69.8,30.2,Dem-lean,high,0.759
Crusader Kings II,,RPG,Simulation,2012.0,Paradox Development Studio,Paradox Interactive,203770,0.3959,0.6041,39.6,60.4,Rep-lean,low,0.583
Hades,,Action,Indie,2020.0,Supergiant Games,Supergiant Games,1145360,0.6332,0.3668,63.3,36.7,Dem-lean,medium,0.607
SOUTH PARK: SNOW DAY!,,Action,Adventure,2024.0,Question,THQ Nordic,1214650,0.7633,0.2367,76.3,23.7,Dem-lean,high,0.811
POSTAL,,Action,Indie,1997.0,Running With Scissors,Running With Scissors,232770,0.2011,0.7989,20.1,79.9,Rep-lean,medium,0.739
The Great Ace Attorney Chronicles,,Adventure,,2021.0,"CAPCOM Co., Ltd.","CAPCOM Co., Ltd.",1158850,0.6361,0.3639,63.6,36.4,Dem-lean,medium,0.709
ULTRAKILL,,Action,Indie,2020.0,"Arsi ""Hakita"" Patala",New Blood Interactive,1229490,0.6332,0.3668,63.3,36.7,Dem-lean,medium,0.607
SUPERHOT,,Action,Indie,2016.0,SUPERHOT Team,SUPERHOT Team,322500,0.552,0.448,55.2,44.8,Dem-lean,low,0.542
Mirror's Edge™ Catalyst,,Action,Adventure,2020.0,DICE,Electronic Arts,1233570,0.7341,0.2659,73.4,26.6,Dem-lean,medium,0.737
Dragon Age II: Ultimate Edition,,Action,Adventure,2020.0,BioWare,Electronic Arts,1238040,0.744,0.256,74.4,25.6,Dem-lean,high,0.795
Dead Space™ 3,,Action,,2020.0,Visceral Games,Electronic Arts,1238060,0.6325,0.3675,63.2,36.8,Dem-lean,medium,0.706
Burnout™ Paradise Remastered,,Action,Adventure,2020.0,Stellar Entertainment; Criterion Games,Electronic Arts,1238080,0.7309,0.2691,73.1,26.9,Dem-lean,medium,0.735
Need for Speed™ Heat ,,Action,Adventure,2020.0,Ghost Games,Electronic Arts,1222680,0.7309,0.2691,73.1,26.9,Dem-lean,medium,0.735
Battlefield 3™ ,,Action,,2020.0,DICE,Electronic Arts,1238820,0.6206,0.3794,62.1,37.9,Dem-lean,medium,0.697
Battlefield™ 1,,Action,Massively Multiplayer,2020.0,DICE,Electronic Arts,1238840,0.6266,0.3734,62.7,37.3,Dem-lean,medium,0.701
Battlefield 4™ ,,Action,,2020.0,DICE,Electronic Arts,1238860,0.6206,0.3794,62.1,37.9,Dem-lean,medium,0.697
Battlefield™ Hardline,,Action,,2020.0,DICE,Electronic Arts,1238880,0.6206,0.3794,62.1,37.9,Dem-lean,medium,0.697
Titanfall® 2,,Action,,2020.0,Respawn Entertainment,Electronic Arts,1237970,0.6148,0.3852,61.5,38.5,Dem-lean,medium,0.642
STAR WARS™ Battlefront™ II,,Action,Adventure,2020.0,DICE,Electronic Arts,1237950,0.7676,0.2324,76.8,23.2,Dem-lean,high,0.814
Ruin Raiders,,Action,Adventure,2021.0,OverPowered Team,indie.io,1262720,0.7052,0.2948,70.5,29.5,Dem-lean,medium,0.664
The Council,,Adventure,RPG,2018.0,Big Bad Wolf,Focus Entertainment,287630,0.618,0.382,61.8,38.2,Dem-lean,low,0.594
Dordogne,,Adventure,Indie,2023.0,UN JE NE SAIS QUOI; UMANIMATION,Focus Entertainment,1272840,0.7046,0.2954,70.5,29.5,Dem-lean,medium,0.664
Grand Theft Auto IV: The Complete Edition,,Action,Adventure,2020.0,Rockstar North; Rockstar Toronto,Rockstar Games,12210,0.7022,0.2978,70.2,29.8,Dem-lean,high,0.762
Bloons TD Battles 2,,Action,Casual,2021.0,Ninja Kiwi,Ninja Kiwi,1276390,0.471,0.529,47.1,52.9,Rep-lean,medium,0.623
Redmatch 2,,Action,Indie,2021.0,Rugbug Redfern,Rugbug Redfern,1280770,0.6522,0.3478,65.2,34.8,Dem-lean,medium,0.622
Persona 4 Golden,,RPG,,2020.0,ATLUS,SEGA,1113000,0.5407,0.4593,54.1,45.9,Dem-lean,low,0.583
Wolflord - Werewolf Online,,Indie,RPG,2019.0,LizardFactory,LizardFactory,657730,0.5784,0.4216,57.8,42.2,Dem-lean,low,0.563
Mass Effect™ Legendary Edition,,Action,RPG,2021.0,BioWare,Electronic Arts,1328670,0.7045,0.2955,70.5,29.5,Dem-lean,medium,0.714
Borderlands 3,,Action,RPG,2020.0,Gearbox Software,2K,397540,0.6636,0.3364,66.4,33.6,Dem-lean,medium,0.731
Bomber Crew,,Simulation,Strategy,2017.0,Runner Duck,Curve Games,537800,0.485,0.515,48.5,51.5,Rep-lean,low,0.562
Anvil Saga,,Indie,RPG,2023.0,Pirozhok Studio,HeroCraft PC,1587540,0.6563,0.3437,65.6,34.4,Dem-lean,medium,0.625
Palworld,,Action,Adventure,2024.0,Pocketpair,Pocketpair,1623730,0.7518,0.2482,75.2,24.8,Dem-lean,medium,0.701
Behind the Frame: The Finest Scenery,,Adventure,Casual,2021.0,Silver Lining Studio,Akupara Games; Akatsuki Taiwan Inc.,1634150,0.4809,0.5191,48.1,51.9,Rep-lean,low,0.565
Saints Row The Third Remastered,,Action,Adventure,2021.0,Deep Silver Volition; Sperasoft,Deep Silver,978300,0.7343,0.2657,73.4,26.6,Dem-lean,high,0.787
Assassin's Creed IV Black Flag,,Action,Adventure,,Ubisoft Montreal,Ubisoft,242050,0.2849,0.7151,28.5,71.5,Rep-lean,medium,0.722
Crysis Remastered,,Action,,2021.0,Crytek,Crytek,1715130,0.5959,0.4041,59.6,40.4,Dem-lean,medium,0.677
Halo Infinite,,Action,Free To Play,2021.0,343 Industries,Xbox Game Studios,1240440,0.6091,0.3909,60.9,39.1,Dem-lean,medium,0.637
DEATHLOOP,,Action,,2021.0,Arkane Studios,Bethesda Softworks,1252330,0.6173,0.3827,61.7,38.3,Dem-lean,medium,0.644
Vampire Survivors,,Action,Casual,2022.0,poncle,poncle,1794680,0.4835,0.5165,48.4,51.6,Rep-lean,low,0.513
The Elder Scrolls: Arena,,Action,RPG,2022.0,Bethesda Softworks,Bethesda Softworks,1812290,0.7074,0.2926,70.7,29.3,Dem-lean,high,0.766
The Elder Scrolls II: Daggerfall,,Action,RPG,2022.0,Bethesda Softworks,Bethesda Softworks,1812390,0.7158,0.2842,71.6,28.4,Dem-lean,high,0.773
Aces and Adventures,,Adventure,RPG,2023.0,Triple.B.Titles,Yogscast Games,1815570,0.7083,0.2917,70.8,29.2,Dem-lean,medium,0.667
Ghostwire: Tokyo,,Action,,2022.0,Tango Gameworks,Bethesda Softworks,1475810,0.6346,0.3654,63.5,36.5,Dem-lean,medium,0.658
TYRONE vs COPS,,Action,Indie,2022.0,Team SNEED,Team SNEED,1853200,0.6706,0.3294,67.1,32.9,Dem-lean,medium,0.636
PUBG: BATTLEGROUNDS,,Action,Adventure,2017.0,PUBG Corporation,"KRAFTON, Inc.",578080,0.633,0.367,63.3,36.7,Dem-lean,medium,0.606
Wolfenstein: Enemy Territory,,Action,,2022.0,Splash Damage,Bethesda Softworks,1873030,0.6346,0.3654,63.5,36.5,Dem-lean,medium,0.658
ELDEN RING,,Action,RPG,2022.0,"FromSoftware, Inc.","FromSoftware, Inc.; Bandai Namco Entertainment",1245620,0.6745,0.3255,67.5,32.5,Dem-lean,medium,0.64
LEGO® Bricktales,,Adventure,Casual,2022.0,ClockStone,Thunderful Publishing,1898290,0.5057,0.4943,50.6,49.4,Dem-lean,low,0.555
Clair Obscur: Expedition 33,,Action,RPG,2025.0,Sandfall Interactive,Kepler Interactive,1903340,0.725,0.275,72.5,27.5,Dem-lean,medium,0.68
Sniper Elite 5,,Action,Adventure,2022.0,Rebellion,Rebellion,1029690,0.7483,0.2517,74.8,25.2,Dem-lean,high,0.799
Portal with RTX,,Action,,2022.0,Lightspeed Studios™,NVIDIA,2012840,0.6063,0.3937,60.6,39.4,Dem-lean,medium,0.635
Squirrel with a Gun,,Action,Adventure,2024.0,Dee Dee Creations LLC,Maximum Entertainment,2067050,0.7518,0.2482,75.2,24.8,Dem-lean,medium,0.701
THE FINALS,,Action,Free To Play,2023.0,Embark Studios,Embark Studios,2073850,0.6422,0.3578,64.2,35.8,Dem-lean,medium,0.614
Crysis 2 Remastered,,Action,,2022.0,Crytek; Saber Interactive,Crytek,2096600,0.6159,0.3841,61.6,38.4,Dem-lean,medium,0.693
Crysis 3 Remastered,,Action,,2022.0,Crytek; Saber Interactive,Crytek,2096610,0.6159,0.3841,61.6,38.4,Dem-lean,medium,0.693
New Tales from the Borderlands,,Adventure,,2022.0,Gearbox Software,2K,1454970,0.6585,0.3415,65.9,34.1,Dem-lean,medium,0.727
METAL GEAR SOLID - Master Collection Version,,Action,,2023.0,KONAMI,KONAMI,2131630,0.6379,0.3621,63.8,36.2,Dem-lean,medium,0.71
METAL GEAR & METAL GEAR 2: Solid Snake,,Action,,2023.0,KONAMI,KONAMI,2131680,0.6351,0.3649,63.5,36.5,Dem-lean,medium,0.708
METAL GEAR SOLID 2: Sons of Liberty - Master Collection Version,,Action,,2023.0,KONAMI,KONAMI,2131640,0.6379,0.3621,63.8,36.2,Dem-lean,medium,0.71
Call of Duty®,,Action,,2022.0,Treyarch; Raven Software; Beenox; High Moon Studios; Activision Shanghai; Sledgehammer Games; Infinity Ward; Demonware; Toys for Bob,Activision,1938090,0.0563,0.9437,5.6,94.4,Rep-lean,high,0.955
Call of Duty®: Modern Warfare® II,,Action,,2022.0,Infinity Ward; Raven Software; Beenox; Treyarch; High Moon Studios; Sledgehammer Games; Demonware; Toys for Bob,Activision,3595230,0.0527,0.9473,5.3,94.7,Rep-lean,high,0.958
63 Days,,Action,Adventure,2024.0,Destructive Creations,Destructive Creations,2202120,0.7518,0.2482,75.2,24.8,Dem-lean,medium,0.701
Command & Conquer™ and The Covert Operations™,,Action,Strategy,2024.0,Westwood Studios,Electronic Arts,2229830,0.7463,0.2537,74.6,25.4,Dem-lean,high,0.797
"Command & Conquer: Red Alert™, Counterstrike™ and The Aftermath™",,Action,RPG,2024.0,Westwood Studios,Electronic Arts,2229840,0.7629,0.2371,76.3,23.7,Dem-lean,high,0.81
Command & Conquer: Red Alert™ 2 and Yuri’s Revenge™,,Action,Strategy,2024.0,Westwood Pacific; Westwood Studios,Electronic Arts,2229850,0.7513,0.2487,75.1,24.9,Dem-lean,high,0.801
Command & Conquer™: Generals,,Action,Strategy,2024.0,EA Pacific,Electronic Arts,2229870,0.7456,0.2544,74.6,25.4,Dem-lean,high,0.797
Command & Conquer™ Tiberian Sun™ and Firestorm™,,Action,Strategy,2024.0,Westwood Studios,Electronic Arts,2229880,0.7463,0.2537,74.6,25.4,Dem-lean,high,0.797
Command & Conquer™: Renegade,,Action,Adventure,2024.0,Westwood Studios,Electronic Arts,2229890,0.7946,0.2054,79.5,20.5,Dem-lean,high,0.836
Ghost Recon Breakpoint,,Action,Adventure,2023.0,Ubisoft Paris,Ubisoft,2231380,0.7816,0.2184,78.2,21.8,Dem-lean,high,0.825
Pizza Tower,,Action,Indie,2023.0,Tour De Pizza,Tour De Pizza,2231450,0.6883,0.3117,68.8,31.2,Dem-lean,medium,0.651
I Am Fish,,Adventure,Simulation,2021.0,Bossa Studios,Curve Games,1472560,0.6399,0.3601,64.0,36.0,Dem-lean,medium,0.662
Just Die Already,,Adventure,Indie,2021.0,DoubleMoose Games,Curve Games,979070,0.676,0.324,67.6,32.4,Dem-lean,medium,0.741
Lawn Mowing Simulator,,Simulation,,2021.0,Skyhook Games,Curve Games,1480560,0.517,0.483,51.7,48.3,Dem-lean,medium,0.614
Space Crew: Legendary Edition,,Action,Adventure,2020.0,Runner Duck,Curve Games,1176710,0.6962,0.3038,69.6,30.4,Dem-lean,high,0.757
EMPTY SHELL,,Action,Adventure,2023.0,CC ARTS,Hyperstrange,2243110,0.737,0.263,73.7,26.3,Dem-lean,medium,0.69
Dead Space,,Action,Adventure,2023.0,Motive,Electronic Arts,1693980,0.7857,0.2143,78.6,21.4,Dem-lean,high,0.829
Grand Theft Auto III - The Definitive Edition,,Action,Adventure,2023.0,Rockstar Games,Rockstar Games,1546970,0.7506,0.2494,75.1,24.9,Dem-lean,high,0.8
Grand Theft Auto: Vice City - The Definitive Edition,,Action,Adventure,2023.0,Rockstar Games,Rockstar Games,1546990,0.7484,0.2516,74.8,25.2,Dem-lean,high,0.799
Grand Theft Auto: San Andreas - The Definitive Edition,,Action,Adventure,2023.0,Rockstar Games,Rockstar Games,1547000,0.7471,0.2529,74.7,25.3,Dem-lean,high,0.798
SEXTS,,Casual,Indie,2023.0,BonjourAI; NSFW18 Games,NSFW18 Games,2279510,0.4582,0.5418,45.8,54.2,Rep-lean,low,0.533
Hogwarts Legacy,,Action,Adventure,2023.0,Avalanche Software,Warner Bros. Games,990080,0.7406,0.2594,74.1,25.9,Dem-lean,medium,0.743
Tiny Tina's Assault on Dragon Keep: A Wonderlands One-shot Adventure,,Action,Adventure,2021.0,Gearbox Software; Stray Kite Studios,2K,1712840,0.7321,0.2679,73.2,26.8,Dem-lean,high,0.786
Landfall Archives,,Action,Adventure,2023.0,landfall,landfall,2353760,0.737,0.263,73.7,26.3,Dem-lean,medium,0.69
Overwatch® 2,,Action,Free To Play,2023.0,"Blizzard Entertainment, Inc.","Blizzard Entertainment, Inc.",2357570,0.6422,0.3578,64.2,35.8,Dem-lean,medium,0.614
Steam Engine Simulator,,Simulation,,2023.0,Ektorom Software Inc.,Ektorom Software Inc.,2381620,0.5641,0.4359,56.4,43.6,Dem-lean,medium,0.601
Ghostbusters: Spirits Unleashed Ecto Edition,,Action,Adventure,2023.0,IllFonic,IllFonic Publishing,2383990,0.7389,0.2611,73.9,26.1,Dem-lean,medium,0.741
METAL GEAR SOLID 3: Snake Eater - Master Collection Version,,Action,,2023.0,KONAMI,KONAMI,2131650,0.6379,0.3621,63.8,36.2,Dem-lean,medium,0.71
Tony Hawk's™ Pro Skater™ 1 + 2,,Sports,,2023.0,Vicarious Visions; Iron Galaxy Studios,Activision,2395210,0.1604,0.8396,16.0,84.0,Rep-lean,high,0.772
Tomb Raider I-III Remastered Starring Lara Croft,,Action,Adventure,2024.0,Aspyr; Crystal Dynamics,Aspyr,2478970,0.7551,0.2449,75.5,24.5,Dem-lean,high,0.754
Saints Row,,Action,Adventure,2023.0,Volition,Deep Silver,742420,0.7634,0.2366,76.3,23.7,Dem-lean,high,0.811
Pixel Gun 3D: PC Edition,,Action,Adventure,2024.0,Cubic Games Studio,Cubic Games Studio,2524890,0.7573,0.2427,75.7,24.3,Dem-lean,high,0.756
Age of Empires III: Definitive Edition,,Free To Play,Strategy,2020.0,World's Edge; Tantalus Media; Forgotten Empires,Xbox Game Studios,933110,0.5425,0.4575,54.2,45.8,Dem-lean,medium,0.634
KINGDOM HEARTS -HD 1.5+2.5 ReMIX-,,Action,Adventure,2024.0,Square Enix,Square Enix,2552430,0.7632,0.2368,76.3,23.7,Dem-lean,high,0.761
Beyond Good and Evil - 20th Anniversary Edition,,Action,Adventure,2024.0,Ubisoft,Ubisoft,2556990,0.7919,0.2081,79.2,20.8,Dem-lean,high,0.834
Eden Genesis,,Action,Adventure,2024.0,Aeternum Game Studios S.L,Aeternum Game Studios S.L,2562900,0.7518,0.2482,75.2,24.8,Dem-lean,medium,0.701
Resident Evil 4,,Action,Adventure,2023.0,"CAPCOM Co., Ltd.","CAPCOM Co., Ltd.",2050650,0.7692,0.2308,76.9,23.1,Dem-lean,high,0.815
Moonstone Island,,Adventure,Indie,2023.0,Studio Supersoft,Raw Fury,1658150,0.7096,0.2904,71.0,29.0,Dem-lean,medium,0.718
RoboCop: Rogue City,,Action,Adventure,2023.0,Teyon,Nacon,1681430,0.7392,0.2608,73.9,26.1,Dem-lean,medium,0.741
Disco Elysium,,RPG,,2019.0,ZA/UM,ZA/UM,632470,0.5054,0.4946,50.5,49.5,Dem-lean,low,0.504
Red Dead Redemption,,Action,,2024.0,Rockstar Games; Double Eleven,Rockstar Games,2668510,0.672,0.328,67.2,32.8,Dem-lean,medium,0.738
Nothing,,Action,Adventure,2024.0,Pixelatto,Pixelatto,2696480,0.7518,0.2482,75.2,24.8,Dem-lean,medium,0.701
Command & Conquer™ Generals Zero Hour,,Action,Adventure,2024.0,EA Pacific,Electronic Arts,2732960,0.7966,0.2034,79.7,20.3,Dem-lean,high,0.837
SimCity™ 3000 Unlimited,,Casual,Simulation,2024.0,Maxis,Electronic Arts,2741560,0.4994,0.5006,49.9,50.1,Rep-lean,low,0.55
Marvel Rivals,,Action,Free To Play,2024.0,NetEase Games,NetEase Games,2767030,0.6609,0.3391,66.1,33.9,Dem-lean,medium,0.629
Apollo Justice: Ace Attorney Trilogy,,Adventure,,2024.0,"CAPCOM Co., Ltd.","CAPCOM Co., Ltd.",2187220,0.6905,0.3095,69.0,31.0,Dem-lean,high,0.752
Banana,,Adventure,Casual,2024.0,Sky; AestheticSpartan; O'Brian,Sky,2923300,0.54,0.46,54.0,46.0,Dem-lean,low,0.532
Resident Evil 3,,Action,,2020.0,"CAPCOM Co., Ltd.","CAPCOM Co., Ltd.",952060,0.6088,0.3912,60.9,39.1,Dem-lean,medium,0.687
RESIDENT EVIL RESISTANCE,,Action,,,"CAPCOM Co., Ltd.; NeoBards Entertainment Ltd.","CAPCOM Co., Ltd.",952070,0.2246,0.7754,22.5,77.5,Rep-lean,high,0.77
Resident Evil 0,,Action,Adventure,2016.0,"CAPCOM Co., Ltd.","CAPCOM Co., Ltd.",339340,0.6561,0.3439,65.6,34.4,Dem-lean,medium,0.725
LEGO® Harry Potter™ Collection,,Action,Adventure,2024.0,TT Games; Double Eleven,Warner Bros. Games,2950340,0.7568,0.2432,75.7,24.3,Dem-lean,high,0.755
Ghostrunner 2,,Action,Adventure,2023.0,One More Level,505 Games,2144740,0.737,0.263,73.7,26.3,Dem-lean,medium,0.69
Resident Evil,,Action,Adventure,2015.0,"CAPCOM Co., Ltd.","CAPCOM Co., Ltd.",304240,0.6371,0.3629,63.7,36.3,Dem-lean,medium,0.71
RollerCoaster Tycoon: Deluxe,,Simulation,Strategy,2014.0,Chris Sawyer Productions,Atari,285310,0.4457,0.5543,44.6,55.4,Rep-lean,low,0.593
Drawful 2,,Casual,Indie,2016.0,"Jackbox Games, Inc.","Jackbox Games, Inc.",442070,0.3221,0.6779,32.2,67.8,Rep-lean,medium,0.642
The Jackbox Megapicker,,Free To Play,Utilities,2024.0,"Jackbox Games, Inc.","Jackbox Games, Inc.",2828500,0.5518,0.4482,55.2,44.8,Dem-lean,low,0.541
Satisfactory,,Adventure,Indie,2024.0,Coffee Stain Studios,Coffee Stain Publishing,526870,0.7236,0.2764,72.4,27.6,Dem-lean,medium,0.729
Black Desert,,Action,Adventure,2017.0,Pearl Abyss,Pearl Abyss,582660,0.5562,0.4438,55.6,44.4,Dem-lean,low,0.595
FINAL FANTASY VII REMAKE INTERGRADE,,Action,Adventure,2022.0,Square Enix,Square Enix,1462040,0.7389,0.2611,73.9,26.1,Dem-lean,high,0.791
FINAL FANTASY VII REBIRTH,,Action,Adventure,2025.0,Square Enix,Square Enix,2909400,0.7807,0.2193,78.1,21.9,Dem-lean,high,0.825
Dark Sector,,Action,,2009.0,Digital Extremes,Digital Extremes,29900,0.3427,0.6573,34.3,65.7,Rep-lean,medium,0.676
Pankapu,,Action,Adventure,2016.0,Too Kind Studio,Dear Villagers,418670,0.6133,0.3867,61.3,38.7,Dem-lean,low,0.591
Down the Rabbit Hole Flattened,,Adventure,Indie,2025.0,Cortopia Studios,Beyond Frames,3399980,0.7362,0.2638,73.6,26.4,Dem-lean,medium,0.689
Distant Space 2,,Action,Adventure,2017.0,PixelMouse,PixelMouse,729460,0.6395,0.3605,63.9,36.1,Dem-lean,medium,0.662
Golden Light,,Action,Adventure,2022.0,Mr. Pink,Mr. Pink,1245430,0.7244,0.2756,72.4,27.6,Dem-lean,medium,0.73
RPG Maker VX Ace,,Adventure,RPG,2012.0,Gotcha Gotcha Games; KADOKAWA; Yoji Ojima,Gotcha Gotcha Games,220700,0.4965,0.5035,49.7,50.3,Rep-lean,low,0.553
Mini Thief,,Casual,Indie,2018.0,Stranga; TommahGames,GrabTheGames,481870,0.3744,0.6256,37.4,62.6,Rep-lean,medium,0.7
Dying Light,,Action,RPG,2015.0,Techland,Techland,239140,0.5541,0.4459,55.4,44.6,Dem-lean,medium,0.643
Isle of Jura,,Casual,Indie,2022.0,EM Games,EM Games; GrabTheGames,1703140,0.4502,0.5498,45.0,55.0,Rep-lean,low,0.59
Party Club,,Action,Casual,2025.0,Lucid11 Interactive,GameDev.ist; Gamersky Games,2796010,0.5459,0.4541,54.6,45.4,Dem-lean,low,0.537
Scheming Through The Zombie Apocalypse: The Beginning,,Adventure,Casual,2018.0,Entertainment Forge,GrabTheGames,813540,0.4305,0.5695,43.0,57.0,Rep-lean,medium,0.656
Amerzone: The Explorer’s Legacy (1999),,Adventure,Casual,2014.0,Microids,Microids,302190,0.3429,0.6571,34.3,65.7,Rep-lean,medium,0.676
Dreams of Aether,,Action,,2025.0,Lepioid LLC,Aether Studios,3463050,0.6613,0.3387,66.1,33.9,Dem-lean,medium,0.629
AtmaSphere,,Action,Adventure,2018.0,Mazen Games,GrabTheGames,753660,0.6635,0.3365,66.3,33.7,Dem-lean,medium,0.681
"Warhammer 40,000: Gladius - Relics of War",,Strategy,,2018.0,Proxy Studios,Slitherine Ltd.,489630,0.4771,0.5229,47.7,52.3,Rep-lean,medium,0.618
Ultimate Zombie Defense,,Action,Adventure,2020.0,Terror Dog Studio,Terror Dog Studio,1035510,0.69,0.31,69.0,31.0,Dem-lean,medium,0.702
Battlestar Galactica Deadlock,,Strategy,,2017.0,Black Lab Games,Slitherine Ltd.,544610,0.4491,0.5509,44.9,55.1,Rep-lean,low,0.591
Fantasy General II,,Strategy,,2019.0,Owned by Gravity,Slitherine Ltd.,1025440,0.4948,0.5052,49.5,50.5,Rep-lean,medium,0.604
Field of Glory II: Medieval,,Simulation,Strategy,2021.0,Byzantine Games,Slitherine Ltd.,1368870,0.5794,0.4206,57.9,42.1,Dem-lean,medium,0.664
SteamWorld Dig,,Action,Adventure,2013.0,Image & Form Games,Image & Form Games,252410,0.5581,0.4419,55.8,44.2,Dem-lean,medium,0.646
Nubs!,,Action,Casual,2025.0,Rangatang; Glowfish Interactive,Glowfish Interactive; Rangatang,2337860,0.5459,0.4541,54.6,45.4,Dem-lean,low,0.537
Tell Me Why,,Adventure,Free To Play,2020.0,DONTNOD Entertainment,Xbox Game Studios,1180660,0.6082,0.3918,60.8,39.2,Dem-lean,medium,0.637
Hellslave,,Adventure,Indie,2022.0,Ars Goetia,Dear Villagers; Gamersky Games,1608450,0.6877,0.3123,68.8,31.2,Dem-lean,medium,0.65
HITMAN World of Assassination,,Action,Adventure,2022.0,IO Interactive A/S,IO Interactive A/S,1659040,0.6996,0.3004,70.0,30.0,Dem-lean,medium,0.71
Paradox Soul,,Action,Adventure,2018.0,Ritual Games,GrabTheGames,610570,0.6635,0.3365,66.3,33.7,Dem-lean,medium,0.681
Space Pilgrim Episode II: Epsilon Indi,,Adventure,Indie,2016.0,Pilgrim Adventures; GrabTheGames Studios,GrabTheGames; TheGamesFortress,431710,0.6171,0.3829,61.7,38.3,Dem-lean,medium,0.694
NEXT JUMP: Shmup Tactics,,Indie,Strategy,2017.0,Post Mortem Pixels,GrabTheGames,624690,0.5324,0.4676,53.2,46.8,Dem-lean,low,0.576
Ampersat,,Action,Adventure,2022.0,"Gaterooze, Ink","Gaterooze, Ink; GrabTheGames",1356040,0.7313,0.2687,73.1,26.9,Dem-lean,medium,0.735
Barro GT,,Casual,Indie,2022.0,SC Jogos,SC Jogos,1990740,0.4376,0.5624,43.8,56.2,Rep-lean,low,0.55
Wild Bastards,,Action,Indie,2024.0,Blue Manchu,Maximum Entertainment,1660840,0.7053,0.2947,70.5,29.5,Dem-lean,medium,0.664
GUNTOUCHABLES,,Action,Indie,2025.0,Game Swing,Ghost Ship Publishing,2543510,0.7216,0.2784,72.2,27.8,Dem-lean,medium,0.677
Kitchen Wars,,Action,Adventure,2025.0,Silent Owl,Perfect Gen; GrabTheGames,2955840,0.789,0.211,78.9,21.1,Dem-lean,high,0.831
Team Fortress 2,,Action,Free To Play,2007.0,Valve,Valve,440,0.3867,0.6133,38.7,61.3,Rep-lean,medium,0.641
Dota 2,,Action,Strategy,2013.0,Valve,Valve,570,0.5547,0.4453,55.5,44.5,Dem-lean,low,0.594
Source Filmmaker,,Animation & Modeling,Video Production,2012.0,Valve,Valve,1840,0.3701,0.6299,37.0,63.0,Rep-lean,medium,0.654
