Name,Hours_Main_Story,Genre1,Genre2,Year Released,Developer,Publisher,AppID
Counter-Strike,,Action,,2000,Valve,Valve,10
Counter-Strike: Condition Zero,,Action,,2004,Valve,Valve,80
Counter-Strike: Condition Zero Deleted Scenes,,Action,,2004,Valve,Valve,100
Day of Defeat,,Action,,2003,Valve,Valve,30
Half-Life: Opposing Force,,Action,,1999,Gearbox Software,Valve,50
Half-Life,,Action,,1998,Valve,Valve,70
Half-Life: Blue Shift,,Action,,2001,Gearbox Software,Valve,130
Counter-Strike: Source,,Action,,2004,Valve,Valve,240
Bejeweled 2 Deluxe,,Casual,,2006,"PopCap Games, Inc.","PopCap Games, Inc.; Electronic Arts",3300
Bejeweled Deluxe,,Casual,,2006,"PopCap Games, Inc.","PopCap Games, Inc.; Electronic Arts",3350
Zuma Deluxe,,Casual,,2006,"PopCap Games, Inc.","PopCap Games, Inc.; Electronic Arts",3330
Chuzzle Deluxe,,Casual,,2006,"PopCap Games, Inc.","PopCap Games, Inc.; Electronic Arts",3310
Sid Meier's Civilization III: Complete,,Strategy,,2006,Firaxis Games,2K,3910
Garry's Mod,,Casual,Indie,2006,Facepunch Studios,Valve,4000
Peggle Deluxe,,Casual,,2007,"PopCap Games, Inc.","PopCap Games, Inc.; Electronic Arts",3480
Hitman: Codename 47,,Action,,2007,IO Interactive A/S,IO Interactive A/S,6900
Hitman 2: Silent Assassin,,Action,,2007,Io-Interactive A/S,Io-Interactive A/S,6850
Hitman: Blood Money,,Action,,2007,Io-Interactive A/S,Io-Interactive A/S,6860
Just Cause,,Action,,2007,Avalanche Studios,Square Enix,6880
Thief: Deadly Shadows,,Action,,2007,Ion Storm,Eidos Interactive Corp.,6980
Tomb Raider: Anniversary,,Action,Adventure,2007,Crystal Dynamics,Crystal Dynamics,8000
Geometry Wars: Retro Evolved,,Casual,,2007,Bizarre Creations,Activision,8400
Lost Planet: Extreme Condition,,Action,Adventure,2007,"CAPCOM Co., Ltd.",Capcom,6510
Wolfenstein 3D,,Action,,2007,id Software,Bethesda Softworks,2270
DOOM + DOOM II,,Action,,2007,id Software; Nightdive Studios,Bethesda,2280
Quake,,Action,,2007,id Software; Nightdive Studios; MachineGames,Bethesda Softworks,2310
Quake II,,Action,,2007,id Software; Nightdive Studios; MachineGames,Bethesda Softworks,2320
Quake III Arena,,Action,,2007,id Software,id Software,2200
Half-Life 2,,Action,,2004,Valve,Valve,220
Half-Life 2: Deathmatch,,Action,,2004,Valve,Valve,320
Half-Life Deathmatch: Source,,Action,,2006,Valve,Valve,360
Portal,,Action,,2007,Valve,Valve,400
Call of Duty 4: Modern Warfare (2007),,Action,,2007,Infinity Ward,Activision,7940
Call of Juarez,,Action,,2007,Techland,Techland Publishing,3020
Max Payne,,Action,,2011,Remedy Entertainment,Rockstar Games,12140
Max Payne 2: The Fall of Max Payne,,Action,,2008,Remedy Entertainment,Rockstar Games,12150
Far Cry,,Action,,2008,Crytek Studios,Ubisoft,13520
Tom Clancy's Splinter Cell,,Action,,2008,Ubisoft,Ubisoft,13560
Assassin's Creed,,Action,Adventure,2008,Ubisoft Montreal,Ubisoft,15100
Tom Clancy's Rainbow Six: Vegas,,Action,,2008,Ubisoft Montreal,Ubisoft,13540
Tom Clancy's Rainbow Six: Vegas 2,,Action,,2008,Ubisoft Montreal,Ubisoft,15120
Tom Clancy's Ghost Recon,,Action,,2008,Red Storm Entertainment,Ubisoft,15300
Tom Clancy's Ghost Recon: Island Thunder,,Action,,2008,Red Storm Entertainment,Ubisoft,13630
Tom Clancy's Ghost Recon: Desert Siege,,Action,,2008,Red Storm Entertainment,Ubisoft,13620
Far Cry 2,,Action,,2008,Ubisoft Montreal,Ubisoft,19900
S.T.A.L.K.E.R.: Clear Sky,,Action,RPG,2008,GSC Game World,GSC World Publishing,20510
S.T.A.L.K.E.R.: Clear Sky - Enhanced Edition,,Action,Adventure,2025,GSC Game World,GSC Game World,2427420
Crysis Warhead,,Action,,2008,Crytek,Electronic Arts,17330
Crysis Wars,,Action,,2008,Crytek,Electronic Arts,17340
The Witcher: Enhanced Edition,,Action,RPG,2008,CD PROJEKT RED,CD PROJEKT RED; 1C-SoftClub,20900
Left 4 Dead,,Action,,2008,Valve,Valve,500
Bully: Scholarship Edition,,Action,Adventure,2008,Rockstar New England,Rockstar Games,12200
Call of Duty: World at War,,Action,,2008,Treyarch,Activision,10090
Prince of Persia: Warrior Within,,Action,Adventure,2008,Ubisoft,Ubisoft,13500
Prince of Persia: The Two Thrones,,Action,Adventure,2008,Ubisoft Montreal,Ubisoft,13530
Prince of Persia: The Sands of Time,,Action,Adventure,2008,Kudosoft,Ubisoft,13600
Prince of Persia,,Action,Adventure,2008,Ubisoft Montreal,Ubisoft,19980
Saints Row 2,,Action,,2009,Volition,Deep Silver,9480
Command & Conquer™ Red Alert™ 3,,Action,Strategy,2009,EA Los Angeles,Electronic Arts,17480
Mirror's Edge,,Action,Adventure,2009,DICE,Electronic Arts,17410
Tom Clancy's Splinter Cell: Double Agent,,Action,,2009,Ubisoft Montreal,Ubisoft,13580
Plants vs. Zombies: Game of the Year,,Strategy,,2009,"PopCap Games, Inc.","PopCap Games, Inc.; Electronic Arts",3590
Prototype,,Action,Adventure,2009,Radical Entertainment,Activision,10150
The Elder Scrolls IV: Oblivion Game of the Year Edition (2009),,RPG,,2009,Bethesda Game Studios,Bethesda Softworks,22330
LEGOⓇ Indiana Jones™: The Original Adventures,,Action,Adventure,2009,Traveller's Tales,LucasArts; Lucasfilm; Disney,32330
The Secret of Monkey Island: Special Edition,,Adventure,,2009,LucasArts,LucasArts; Lucasfilm; Disney,32360
Red Faction,,Action,,2009,Volition,Deep Silver,20530
Red Faction II,,Action,Strategy,2009,Volition,Deep Silver,20550
Tom Clancy's Splinter Cell: Chaos Theory,,Action,,2009,Ubisoft Montreal,Ubisoft,13570
Command & Conquer™ Red Alert™ 3 - Uprising,,Action,Strategy,2009,EA Los Angeles,Electronic Arts,24800
Call of Duty: Modern Warfare 2 (2009),,Action,,2009,Infinity Ward,Activision,10180
Call of Duty: Modern Warfare 2 (2009) - Multiplayer,,Action,,2009,Infinity Ward,Activision,10190
Command & Conquer 3: Tiberium Wars™,,Action,Strategy,2009,EA Los Angeles,Electronic Arts,24790
Command & Conquer 3: Kane's Wrath™,,Action,Strategy,2009,EA Los Angeles,Electronic Arts,24810
Left 4 Dead 2,,Action,,2009,Valve,Valve,550
Serious Sam HD: The First Encounter,,Action,Indie,2009,Croteam,Devolver Digital,41000
Serious Sam Fusion 2017 (beta),,Action,Indie,,Croteam,Devolver Digital; Croteam,564310
Assassin's Creed II,,Action,Adventure,2010,Ubisoft Montreal,Ubisoft,33230
Command & Conquer™ 4 Tiberian Twilight,,Adventure,Strategy,2010,EA Los Angeles,Electronic Arts,47700
Battlefield: Bad Company™ 2,,Action,,2010,DICE,Electronic Arts,24960
Just Cause 2,,Action,Adventure,2010,Avalanche Studios,Square Enix,8190
Monkey Island 2: Special Edition,,Adventure,,2010,LucasArts,LucasArts; Lucasfilm; Disney,32460
Fallout: New Vegas,,Action,RPG,2010,Obsidian Entertainment,Bethesda Softworks,22380
Call of Duty: Black Ops,,Action,,2010,Treyarch,Activision,42700
Call of Duty: Black Ops - Multiplayer,,Action,,2010,Treyarch,Activision,42710
Dragon Age: Origins - Ultimate Edition,,RPG,,2010,BioWare,Electronic Arts,47810
Bejeweled 3,,Casual,Strategy,2010,"PopCap Games, Inc.","PopCap Games, Inc.; Electronic Arts",78000
Dead Space 2,,Action,Adventure,2011,Visceral Games,Electronic Arts,47780
Assassin's Creed Brotherhood,,Action,Adventure,2011,Ubisoft Montreal,Ubisoft,48190
Portal 2,,Action,Adventure,2011,Valve,Valve,620
Terraria,,Action,Adventure,2011,Re-Logic,Re-Logic,105600
The Witcher 2: Assassins of Kings Enhanced Edition,,RPG,,2012,CD PROJEKT RED,CD PROJEKT RED; 1C-SoftClub,20920
Alice: Madness Returns,,Action,Adventure,2011,Spicy Horse Games,Electronic Arts,19680
LIMBO,,Action,Adventure,2011,Playdead,Playdead,48000
Quake 4,,Action,,2011,RavenSoft; id Software,Bethesda Softworks,2210
Arma: Cold War Assault,,Action,Simulation,2011,Bohemia Interactive,Bohemia Interactive,65790
Call of Duty®: Modern Warfare® 3 (2011),,Action,,2011,Infinity Ward; Sledgehammer Games,Activision,42680
Sniper: Ghost Warrior,,Action,,2010,City Interactive,CI Games,34830
Assassin's Creed Revelations,,Action,Adventure,2011,Ubisoft Montreal,Ubisoft,201870
RAGE,,Action,,2011,id Software,Bethesda Softworks,9200
Gothic 3,,Action,RPG,2009,Piranha Bytes,THQ Nordic,39500
Gothic II: Gold Classic,,Action,RPG,2005,Piranha Bytes,THQ Nordic,39510
ArcaniA,,RPG,,2010,Spellbound,THQ Nordic,39690
Gothic 1 Classic,,Action,RPG,2001,Piranha Bytes,THQ Nordic,65540
Gothic 3 Forsaken Gods Enhanced Edition,,RPG,,2011,Trine Studios; G3 Community Patch Team; Mad Vulture Games,THQ Nordic,65600
ArcaniA: Fall of Setarrif,,RPG,,2011,Spellbound,THQ Nordic,65610
Gothic Playable Teaser,,RPG,,2019,THQ Nordic Barcelona,THQ Nordic,950670
F.E.A.R. 2: Project Origin,,Action,,2009,Monolith,Warner Bros. Games; Warner Bros. Interactive Entertainment,16450
F.E.A.R.,,Action,,2010,"Monolith Productions, Inc.; Timegate",Warner Bros. Games; Warner Bros. Interactive Entertainment,21090
F.E.A.R. 3,,Action,,2011,Day 1 Studios,Warner Bros. Interactive Entertainment,21100
F.E.A.R.: Extraction Point,,Action,,2010,"Monolith Productions, Inc.; Timegate",Warner Bros. Games; Warner Bros. Interactive Entertainment,21110
F.E.A.R.: Perseus Mandate,,Action,,2010,"Monolith Productions, Inc.; Timegate",Warner Bros. Games; Warner Bros. Interactive Entertainment,21120
Alan Wake,,Action,Adventure,2012,Remedy Entertainment,Remedy Entertainment,108710
L.A. Noire,,Adventure,Strategy,2011,Team Bondi; Rockstar Leeds,Rockstar Games,110800
The Walking Dead,,Adventure,,2012,Telltale Games,Skybound Games,207610
Thief Gold,,Action,Simulation,2012,Looking Glass Studios,Eidos Interactive Corp.,211600
Thief™ II: The Metal Age,,Action,Simulation,2012,Looking Glass Studios,Eidos Interactive Corp.,211740
FTL: Faster Than Light,,Indie,Simulation,2012,Subset Games,Subset Games,212680
Max Payne 3,,Action,,2012,Rockstar Studios,Rockstar Games,204100
Tom Clancy's Ghost Recon Future Soldier,,Action,,2012,Ubisoft Paris; Red Storm Entertainment,Ubisoft,212630
Tales of Monkey Island: Chapter 1 - Launch of the Screaming Narwhal,,Adventure,RPG,2009,Telltale,Telltale,31170
Tales of Monkey Island: Chapter 2 - The Siege of Spinner Cay ,,Adventure,RPG,2009,Telltale,Telltale,31180
Tales of Monkey Island: Chapter 3 - Lair of the Leviathan ,,Adventure,RPG,2009,Telltale,Telltale,31190
Tales of Monkey Island: Chapter 4 - The Trial and Execution of Guybrush Threepwood ,,Adventure,RPG,2009,Telltale,Telltale,31200
Tales of Monkey Island: Chapter 5 - Rise of the Pirate God,,Adventure,RPG,2009,Telltale,Telltale,31210
Dishonored,,Action,Adventure,2012,Arkane Studios,Bethesda Softworks,205100
Saints Row: The Third,,Action,,2011,Volition,Deep Silver,55230
Castle Crashers,,Action,Adventure,2012,The Behemoth,The Behemoth,204360
Hotline Miami,,Action,Indie,2012,Dennaton Games,Devolver Digital,219150
DOOM 3,,Action,,2007,id Software,id Software,9050
DOOM 3: Resurrection of Evil,,Action,,2007,id Software,id Software,9070
DOOM 3: BFG Edition,,Action,,2012,id Software,Bethesda Softworks,208200
Tropico 3 - Steam Special Edition,,Simulation,Strategy,2009,Haemimont Games,Kalypso Media Digital,23490
Tropico,,Simulation,Strategy,2009,PopTop Software; BreakAway Games; Frog City Software,Kalypso Media Digital,33520
Tropico 2: Pirate Cove,,Simulation,Strategy,2009,PopTop Software; BreakAway Games; Frog City Software,Kalypso Media Digital,33530
Jagged Alliance 2 - Wildfire ,,RPG,Strategy,2012,I-deal Games,Topware Interactive,215930
Iron Sky Invasion,,Action,Simulation,2012,Reality Pump,Topware Interactive,224900
Sniper Elite,,Action,,2009,Rebellion,Rebellion,3700
POSTAL 2,,Action,Adventure,2012,Running With Scissors,Running With Scissors,223470
Far Cry® 3,,Action,Adventure,2012,"Ubisoft Montreal, Massive Entertainment, and Ubisoft Shanghai",Ubisoft,220240
Call of Duty: Black Ops II,,Action,,2012,Treyarch,Activision,202970
Call of Duty: Black Ops II - Multiplayer,,Action,,2012,Treyarch,Activision,202990
"Warhammer 40,000: Dawn of War - Anniversary Edition ",,Strategy,,2007,Relic Entertainment,Relic Entertainment,4570
"Warhammer 40,000: Dawn of War - Dark Crusade",,Strategy,,2007,Relic Entertainment,SEGA,4580
"Warhammer 40,000: Dawn of War - Winter Assault",,Strategy,,2007,Relic Entertainment,SEGA,9310
"Warhammer 40,000: Dawn of War - Soulstorm",,Strategy,,2008,Relic Entertainment,SEGA,9450
Euro Truck Simulator 2,,Indie,Simulation,2012,SCS Software,SCS Software,227300
Dungeon Siege III,,Action,RPG,2011,Obsidian Entertainment,Square Enix,39160
Dungeon Siege,,RPG,,2011,Gas Powered Games,Square Enix,39190
Dungeon Siege 2,,RPG,,2005,Gas Powered Games,Square Enix,39200
America's Army: Proving Grounds,,Action,Free To Play,2013,U.S. Army,U.S. Army,203290
PlanetSide 2,,Action,Massively Multiplayer,2012,Rogue Planet Games,Daybreak Game Company,218230
PlanetSide 2 - Test,,Action,Free To Play,2019,Rogue Planet Games,Daybreak Game Company,1083500
Warframe,,Action,RPG,2013,Digital Extremes,Digital Extremes,230410
Peggle Extreme,,Casual,Free To Play,2007,"PopCap Games, Inc.",Electronic Arts,3483
DCS World Steam Edition,,Simulation,Free To Play,2013,Eagle Dynamics SA,Eagle Dynamics SA,223750
Sniper Ghost Warrior 2,,Action,,2013,City Interactive,CI Games,34870
Tomb Raider,,Action,Adventure,2013,Crystal Dynamics; Eidos-Montréal; Feral Interactive (Mac); Nixxes,Crystal Dynamics; Feral Interactive (Mac),203160
Fallout 3,,RPG,,2008,Bethesda Game Studios,Bethesda Softworks,22300
Far Cry® 3 Blood Dragon,,Action,Adventure,2013,Ubisoft Montreal,Ubisoft,233270
Saints Row IV,,Action,Adventure,2013,Deep Silver Volition,Deep Silver,206420
Dead Rising 2,,Action,Adventure,2010,Capcom Vancouver,Capcom,45740
"Cook, Serve, Delicious!",,Action,Indie,2013,Vertigo Gaming Inc.,Vertigo Gaming Inc.,247020
Rayman Legends,,Action,Adventure,2013,Ubisoft Montpellier,Ubisoft,242550
Risk of Rain (2013),,Action,Indie,2013,Hopoo Games,Gearbox Publishing,248820
Tom Clancy's Splinter Cell Blacklist,,Action,Adventure,2013,Ubisoft Toronto,Ubisoft,235600
Earth 2150 Trilogy,,Strategy,,2013,Reality Pump Studios,Topware Interactive; ACE,253880
Gorky 17,,RPG,Strategy,2013,,Topware Interactive ACE,253920
Septerra Core,,RPG,,2013,,Topware Interactive,253940
Jack Orlando Director's Cut,,Adventure,,2013,Toontraxx Studios,Topware Interactive,253960
Enclave,,Action,RPG,2013,Starbreeze,Topware Interactive,253980
KnightShift,,RPG,Strategy,2013,Reality Pump,Topware Interactive,254060
World War II: Panzer Claws,,Strategy,,2013,,Topware Interactive,254100
Arma 3,,Action,Simulation,2013,Bohemia Interactive,Bohemia Interactive,107410
Hitman: Contracts,,Action,,2014,Io-Interactive A/S,Io-Interactive A/S,247430
Goat Simulator,,Casual,Indie,2014,Coffee Stain Studios,Coffee Stain Publishing,265930
Grand Theft Auto V Legacy,,Action,Adventure,2015,Rockstar North,Rockstar Games,271590
Grand Theft Auto V Enhanced,,Action,Adventure,2025,Rockstar North,Rockstar Games,3240220
Hotline Miami 2: Wrong Number,,Action,Indie,2015,Dennaton Games,Devolver Digital,274170
Thief,,Action,Adventure,2014,Eidos-Montréal; Feral Interactive (Mac),Eidos Interactive Corp.; Feral Interactive (Mac),239160
South Park™: The Stick of Truth™,,Action,Adventure,2014,Obsidian Entertainment,Ubisoft,213670
Plague Inc: Evolved,,Casual,Indie,2016,Ndemic Creations,Ndemic Creations,246620
Pixel Puzzles: Japan,,Casual,Indie,2014,Pixel Puzzles,Pixel Puzzles,284950
Pixel Puzzles Traditional Jigsaw Puzzles,,Casual,Indie,2019,Pixel Puzzles,Pixel Puzzles,1058200
Pixel Puzzles: UndeadZ,,Action,Casual,2014,Pixel Puzzles,Pixel Puzzles,285010
Pixel Puzzles Illustrations & Anime Jigsaw Puzzles,,Casual,Indie,2021,Pixel Puzzles,Pixel Puzzles,1005240
LEGO® The Hobbit™,,Action,Adventure,2014,Traveller's Tales; Feral Interactive (Mac),Warner Bros. Interactive Entertainment; Feral Interactive (Mac),285160
Metro 2033 Redux,,Action,,2014,4A Games,Deep Silver,286690
Metro: Last Light Redux,,Action,,2014,4A Games,Deep Silver,287390
METAL GEAR SOLID V: THE PHANTOM PAIN,,Action,Adventure,2015,KONAMI,KONAMI,287700
Serious Sam Classic: The First Encounter,,Action,Indie,2019,Croteam,Devolver Digital,41050
Serious Sam Classic: The Second Encounter,,Action,Indie,2019,Croteam,Devolver Digital,41060
Serious Sam Classics: Revolution,,Action,Indie,2019,Croteam; Alligator Pit,Devolver Digital,227780
FINAL FANTASY XIII,,RPG,,2014,Square Enix,Square Enix,292120
Watch_Dogs,,Action,Adventure,2014,Ubisoft,Ubisoft,243470
INSIDE,,Action,Adventure,2016,Playdead,Playdead,304430
Sniper Elite 3,,Action,Adventure,2014,Rebellion,Rebellion,238090
Bloons TD5,,Action,Strategy,2014,Ninja Kiwi,Ninja Kiwi,306020
Fallout,,RPG,,2015,Interplay Inc.,Bethesda Softworks,38400
Fallout 2,,RPG,,2009,Black Isle Studios,Bethesda Softworks,38410
Fallout Tactics,,Strategy,,2009,14° East,Bethesda Softworks,38420
Warface: Clutch,,Action,Massively Multiplayer,2014,MY.GAMES,MY.GAMES,291480
Microsoft Flight Simulator X: Steam Edition,,Simulation,,2014,Microsoft Game Studios,Xbox Game Studios,314160
The Red Solstice,,Strategy,,2015,Ironward,Ironward,265590
UNLOVED,,Action,,2016,BlueEagle Productions,Paul Schneider,321270
Geometry Dash,,Action,Indie,2014,RobTop Games,RobTop Games,322170
SteamWorld Heist,,RPG,Strategy,2016,Image & Form Games,Image & Form Games,322190
Sleeping Dogs: Definitive Edition,,Action,Adventure,2014,United Front Games; Feral Interactive (Mac),Square Enix; Feral Interactive (Mac),307690
Potatoman Seeks the Troof,,Indie,,2014,Pixeljam,Pixeljam,328500
LEGO® Batman™: The Videogame,,Action,Adventure,2008,Traveller's Tales,Warner Bros. Interactive Entertainment,21000
LEGO® Batman™ 2: DC Super Heroes,,Action,Adventure,2012,TT Games,Warner Bros. Interactive Entertainment,213330
LEGO® Batman™ 3: Beyond Gotham,,Action,Adventure,2014,TT Games Ltd,WB Games,313690
Oddworld: Abe's Oddysee,,Adventure,,2008,Oddworld Inhabitants,Oddworld Inhabitants,15700
Oddworld: Stranger's Wrath HD,,Action,Adventure,2010,Oddworld Inhabitants,Oddworld Inhabitants,15750
Valkyria Chronicles™,,Action,RPG,2014,SEGA,SEGA,294860
Counter-Strike 2,,Action,Free To Play,2012,Valve,Valve,730
Saints Row: Gat out of Hell,,Action,,2015,Deep Silver Volition; High Voltage Software,Deep Silver,301910
The Binding of Isaac: Rebirth,,Action,,2014,"Nicalis, Inc.; Edmund McMillen","Nicalis, Inc.",250900
AdVenture Capitalist,,Casual,Indie,2015,Hyper Hippo Games,Hyper Hippo Games,346900
Wolfenstein: The New Order,,Action,,2014,MachineGames,Bethesda Softworks,201810
FINAL FANTASY X/X-2 HD Remaster,,RPG,,2016,Square Enix,Square Enix,359870
Killing Floor 2,,Action,,2016,Tripwire Interactive,Tripwire Interactive,232090
Mega Man Legacy Collection,,Action,,2015,Capcom,Capcom,363440
Ori and the Blind Forest: Definitive Edition,,Action,,2016,Moon Studios GmbH,Xbox Game Studios,387290
Quake Live,,Action,,2014,id Software,Bethesda Softworks,282440
STEINS;GATE,,Adventure,,2016,MAGES. Inc.,"Spike Chunsoft Co., Ltd.",412830
Stardew Valley,,Indie,RPG,2016,ConcernedApe,ConcernedApe,413150
Just Cause 3,,Action,Adventure,2015,Avalanche Studios,Square Enix,225540
The Metronomicon: Slay The Dance Floor,,Action,Indie,2016,Puuba,Akupara Games,416790
Rising Storm 2: Vietnam,,Action,Massively Multiplayer,2017,Antimatter Games; Tripwire Interactive,Tripwire Interactive,418460
The Deed,,Adventure,RPG,2015,Pilgrim Adventures; GrabTheGames Studios,GrabTheGames; WhisperGames; TheGamesFortress,420740
Dead Rising,,Action,Adventure,2016,Capcom,Capcom,427190
Tom Clancy's Rainbow Six® Siege X,,Action,Free To Play,2015,Ubisoft Montreal,Ubisoft,359550
Wallpaper Engine,,Gelegenheitsspiele,Indie,2018,Wallpaper Engine Team,Wallpaper Engine Team,431960
Duke Nukem 3D: 20th Anniversary World Tour,,Action,Adventure,2016,"Nerve Software, Gearbox Software, LLC",Gearbox Publishing,434050
Space Pilgrim Episode III: Delta Pavonis,,Adventure,Indie,2016,Pilgrim Adventures; GrabTheGames Studios,GrabTheGames; TheGamesFortress,439250
Paladins,,Action,Adventure,2018,Evil Mojo Games,Hi-Rez Studios,444090
Asteroid Bounty Hunter,,Action,Adventure,2016,EGAMER,SA Industry,444220
Space Pilgrim Episode IV: Sol,,Adventure,Indie,2016,Pilgrim Adventures; GrabTheGames Studios,GrabTheGames; TheGamesFortress,446640
The Deed: Dynasty,,Adventure,Indie,2016,Pilgrim Adventures,GrabTheGames; WhisperGames,460960
Darksiders,,Action,Adventure,2010,Vigil Games,THQ Nordic,50620
Darksiders Warmastered Edition,,Action,Adventure,2016,KAIKO; Vigil Games,THQ Nordic,462780
STAR WARS™: X-Wing Special Edition,,Action,Simulation,2015,Lucasfim,LucasArts; Lucasfim; Disney,354430
STAR WARS™: TIE Fighter Special Edition,,Action,,2015,Totally Games,LucasArts; Lucasfilm; Disney,355250
STAR WARS™ Galactic Battlegrounds Saga,,Action,Strategy,2016,Ensemble Studios,Disney; Lucasfilm; LucasArts,356500
STAR WARS™: X-Wing Alliance™,,Action,,2015,Totally Games,LucasArts; Lucasfilm; Disney,361670
STAR WARS™ X-Wing vs TIE Fighter: Balance of Power Campaigns™,,Action,Simulation,2015,Totally Games,LucasArts; Lucasfilm; Disney,361690
STAR WARS™ Rebellion,,Strategy,,2016,Coolhand Interactive,LucasArts; Lucasfilm; Disney,441550
STAR WARS™: Rogue Squadron 3D,,Action,Simulation,2016,Factor 5; LucasArts,LucasArts; Lucasfilm; Disney,455910
STAR WARS™: Rebel Assault I + II,,Action,Simulation,2016,LucasArts,LucasArts; Lucasfilm; Disney,456540
DOOM,,Action,,2016,id Software,Bethesda Softworks,379720
Candy Blast,,Casual,Indie,2016,White Rabbit Games,White Rabbit Games,474050
Homefront: The Revolution,,Action,Adventure,2016,Dambuster Studios,Deep Silver,223100
Hearts of Iron IV,,Simulationen,Strategie,2016,Paradox Development Studio,Paradox Interactive,394360
Dead Island Retro Revenge,,Action,,2016,Empty Clip Studios,Deep Silver,337360
Dead Island Definitive Edition,,Action,,2016,Techland,Deep Silver,383150
Dead Island Riptide Definitive Edition,,Action,,2016,Techland,Deep Silver,383180
Sherlock Holmes: Nemesis,,Adventure,RPG,2008,Frogwares,Frogwares,11040
Sherlock Holmes: The Awakened (2008),,Adventure,,2009,Frogwares,Frogwares,11140
Sherlock Holmes: The Secret of the Silver Earring,,Adventure,,2009,Frogwares,Frogwares,11150
Sherlock Holmes: The Mystery of The Persian Carpet,,Adventure,Casual,,Frogwares,Frogwares,11180
Sherlock Holmes versus Jack the Ripper,,Adventure,RPG,2009,Frogwares,Frogwares,11190
The Testament of Sherlock Holmes,,Adventure,,2012,Frogwares,Frogwares,205650
The Elder Scrolls V: Skyrim Special Edition,,RPG,,2016,Bethesda Game Studios,Bethesda Softworks,489830
Dishonored 2,,Action,,2016,Arkane Studios,Bethesda Softworks,403640
Mega Man Legacy Collection 2,,Action,,2017,"CAPCOM CO., LTD","CAPCOM CO., LTD",495050
State of Decay 2,,Action,RPG,2020,Undead Labs,Xbox Game Studios,495420
ACE COMBAT™7: SKIES UNKNOWN,,Action,Simulation,2019,Bandai Namco Studios Inc.,Bandai Namco Entertainment,502500
STAR WARS™ Republic Commando,,Action,,2009,LucasArts,LucasArts; Lucasfilm; Disney,6000
STAR WARS™ Jedi Knight: Jedi Academy™,,Action,,2009,Raven Software,LucasArts; Lucasfilm; Disney,6020
STAR WARS™ Jedi Knight II: Jedi Outcast™,,Action,,2009,Raven Software,LucasArts; Lucasfilm; Disney,6030
"Star Wars: Battlefront 2 (Classic, 2005)",,Action,,2009,Pandemic Studios,Lucasfilm; LucasArts; Disney,6060
STAR WARS™ Starfighter™,,Action,Simulation,2009,LucasArts,LucasArts; Lucasfilm; Disney,32350
STAR WARS™ Knights of the Old Republic™,,Adventure,RPG,2009,BioWare; Aspyr (Mac),LucasArts; Aspyr (Mac); Disney; Lucasfilm,32370
STAR WARS™ Jedi Knight: Dark Forces II,,Action,,2009,LucasArts,LucasArts; Lucasfilm; Disney,32380
STAR WARS™ Jedi Knight: Mysteries of the Sith™,,Action,,2009,LucasArts,LucasArts; Lucasfilm; Disney,32390
STAR WARS™: Dark Forces,,Action,,2009,LucasArts,LucasArts; Lucasfilm; Disney,32400
STAR WARS™: The Clone Wars - Republic Heroes™,,Action,,2009,Krome Studios,LucasArts; Lucasfilm; Disney,32420
STAR WARS™: The Force Unleashed™ Ultimate Sith Edition,,Action,,2009,LucasArts,LucasArts; Lucasfilm; Disney,32430
STAR WARS™ Empire at War: Gold Pack,,Strategy,,2010,Petroglyph,LucasArts; Lucasfilm; Disney,32470
STAR WARS™: The Force Unleashed™ II,,Action,,2010,Aspyr Studios,LucasArts; Lucasfilm; Disney,32500
STAR WARS™ Knights of the Old Republic™ II: The Sith Lords™,,RPG,,2012,"Obsidian Entertainment; Aspyr (Mac, Linux, & Windows Update)","LucasArts; Lucasfilm; Aspyr (Mac, Linux)",208580
Celeste,,Action,Adventure,2018,"Maddy Makes Games Inc.; Extremely OK Games, Ltd.",Maddy Makes Games Inc.,504230
Aliens vs. Predator,,Action,,2010,Rebellion,SEGA,10680
Sniper Elite 4,,Action,Adventure,2017,Rebellion,Rebellion,312660
The Disney Afternoon Collection,,Action,,2017,Capcom; Digital Eclipse,Capcom,525040
Crown Champion: Legends of the Arena,,Action,Adventure,2016,Pilgrim Adventures,GrabTheGames,527710
BioShock,,Action,RPG,2007,2K Boston; 2K Australia,2K,7670
BioShock 2,,Action,,2010,2K Marin; 2K China; Digital Extremes; 2K Australia,2K,8850
BioShock Infinite,,Action,,2013,Irrational Games; Virtual Programming (Linux),2K,8870
BioShock Remastered,,Action,RPG,2016,2K Boston; 2K Australia; Blind Squirrel; Feral Interactive (Mac),2K; Feral Interactive (Mac),409710
BioShock 2 Remastered,,Action,RPG,2016,2K Marin; 2K China; Digital Extremes; 2K Australia; Blind Squirrel; Feral Interactive (Mac),2K; Feral Interactive (Mac),409720
Resident Evil 7 Biohazard,,Action,Adventure,2017,"CAPCOM Co., Ltd.","CAPCOM Co., Ltd.",418370
Prey,,Action,Adventure,2017,Arkane Studios,Bethesda Softworks,480490
Police Stories,,Action,Indie,2019,HypeTrain Digital,HypeTrain Digital,539470
Deep Rock Galactic,,Action,,2020,Ghost Ship Games,Coffee Stain Publishing,548430
Black Squad,,Action,,2019,VALOFE; NS STUDIO,VALOFE,550650
HELLDIVERS™ 2,,Action,,2024,Arrowhead Game Studios,PlayStation Publishing LLC,553850
Watch_Dogs 2,,Action,Adventure,2016,Ubisoft,Ubisoft,447040
Bulletstorm: Full Clip Edition,,Action,Adventure,2017,People Can Fly,Gearbox Publishing,501590
SteamWorld Dig 2,,Action,Adventure,2017,Image & Form Games,Image & Form Games,571310
LEGO® City Undercover,,Action,,2017,Traveller's Tales,TT Games,578330
The Outer Worlds,,RPG,,2020,Obsidian Entertainment,Private Division,578650
Super Meat Boy Forever,,Action,Adventure,2022,Team Meat,Team Meat,581660
ENDLESS™ Space - Definitive Edition,,Strategy,,2012,AMPLITUDE Studios,SEGA,208140
Dead Cells,,Action,Adventure,2018,Motion Twin,Motion Twin,588650
Tom Clancy's Ghost Recon® Wildlands,,Action,Adventure,2017,Ubisoft Paris; Ubisoft Annecy; Ubisoft Bucharest; Ubisoft Montpellier; Ubisoft Milan; Reflections; Ubisoft Belgrade,Ubisoft,460930
Crisis in the Kremlin,,Indie,Simulation,2017,Nostalgames,Nostalgames,599750
Rise of the Tomb Raider,,Action,Adventure,2016,Crystal Dynamics; Eidos-Montréal; Feral Interactive (Mac); Feral Interactive (Linux); Nixxes,Crystal Dynamics; Feral Interactive (Mac); Feral Interactive (Linux),391220
LEGO® Worlds,,Adventure,,2017,TT Games; Traveller's Tales,Warner Bros. Interactive Entertainment,332310
Wolfenstein II: The New Colossus,,Action,,2017,MachineGames,Bethesda Softworks,612880
Bayonetta,,Action,Adventure,2017,PlatinumGames,SEGA,460790
Dead Drop,,Action,Casual,2017,Ethan Waite,Volens Nolens Games,587970
Devil May Cry HD Collection,,Action,,2018,"CAPCOM Co., Ltd.","CAPCOM Co., Ltd.",631510
Risk of Rain 2,,Action,Indie,2020,Hopoo Games,Gearbox Publishing,632360
Sentience: The Android's Tale,,Adventure,Indie,2017,Pilgrim Adventures,GrabTheGames,635850
The LEGO® NINJAGO® Movie Video Game,,Action,,2017,Traveller's Tales; TT Games,Warner Bros. Interactive Entertainment,640590
"Sorry, James",,Adventure,Casual,2017,Konstructors,Hook Games; GrabTheGames; WhisperGames,659190
Red Faction: Guerrilla Steam Edition,,Action,,2009,Volition; Reactor Zero; THQ Nordic,Deep Silver,20500
Red Faction Guerrilla Re-Mars-tered,,,,2018,Volition; KAIKO,Deep Silver,667720
BattleBit Remastered,,Action,Massively Multiplayer,2023,SgtOkiDoki; Vilaskis; TheLiquidHorse,SgtOkiDoki,671860
Sniper Ghost Warrior 3,,Action,,2017,CI Games,CI Games,368070
Splitgate,,Action,Free To Play,2019,1047 Games,1047 Games,677620
Totally Mayhem,,Violent,Indie,2017,Mihai Morosanu,Mihai Morosanu,679740
GRIS,,Adventure,Indie,2018,Nomada Studio,Devolver Digital,683320
Pure Farming 2018,,Simulation,,2018,Ice Flames,Techland Publishing,534370
SUPERHOT: MIND CONTROL DELETE,,Action,Indie,2020,SUPERHOT Team,SUPERHOT Team,690040
Space Pilgrim Academy: Year 1,,Adventure,Indie,2017,Pilgrim Adventures,GrabTheGames,694370
Fallout 4,,RPG,,2015,Bethesda Game Studios,Bethesda Softworks,377160
Planet Zoo,,Casual,Simulation,2019,Frontier Developments,Frontier Developments,703080
BRINK,,Action,Free To Play,2011,Splash Damage,Bethesda Softworks,22350
BLOCKPOST LEGACY,,Action,Indie,2019,Skullcap Studios,Skullcap Studios,706990
Darksiders Genesis,,Action,Adventure,2019,Airship Syndicate,THQ Nordic,710920
Deus Ex: Game of the Year Edition,,Action,,2007,Ion Storm,Eidos Interactive Corp.,6910
Deus Ex: Invisible War,,Action,,2007,Ion Storm,Eidos Interactive Corp.,6920
Deus Ex: Human Revolution - Director's Cut,,Action,RPG,2013,Eidos Montreal,Eidos Interactive Corp.,238010
Deus Ex: The Fall,,Action,Adventure,2014,,Eidos Interactive Corp.,258180
Deus Ex: Mankind Divided™,,Action,RPG,2016,Eidos Montreal; Feral Interactive (Linux/Mac),Eidos Interactive Corp.; Feral Interactive (Linux/Mac),337000
Sniper Elite V2,,Action,,,Rebellion,Rebellion,63380
Sniper Elite V2 Remastered,,Action,,2019,Rebellion,Rebellion,728740
Borderlands GOTY,,Action,RPG,2023,Gearbox Software,2K,8980
Borderlands GOTY Enhanced,,Action,RPG,2023,Gearbox Software; Blind Squirrel Games,2K,729040
The Curse of Monkey Island,,Adventure,,2018,LucasArts,LucasArts; Lucasfilm; Disney,730820
Crash Bandicoot™ N. Sane Trilogy,,Action,,2018,Vicarious Visions; Iron Galaxy Studios,Activision,731490
Mafia II (Classic),,Action,,2011,2K Czech,2K,50130
Mafia III: Definitive Edition,,Action,Adventure,2020,Hangar 13; Aspyr (Mac),2K; Aspyr (Mac),360430
Mafia II: Definitive Edition,,Action,Adventure,2020,Hangar 13; D3T,2K,1030830
Mafia: Definitive Edition,,Action,Adventure,2020,Hangar 13,2K,1030840
Kingdom Come: Deliverance,,Action,Adventure,2018,Warhorse Studios,Warhorse Studios; Deep Silver,379430
Muse Dash,,Action,Casual,2019,peropero,hasuhasu,774171
Kingdom: New Lands,,Indie,Simulation,2016,Noio,Raw Fury,496300
Blasphemous,,Action,Adventure,2019,The Game Kitchen,Team17,774361
Phoenix Wright: Ace Attorney Trilogy,,Adventure,,2019,"CAPCOM Co., Ltd.","CAPCOM Co., Ltd.",787480
The Darkside Detective: A Fumble in the Dark,,Adventure,Casual,2021,Spooky Doorway,Akupara Games,795420
South Park The Fractured But Whole,,RPG,,2017,Ubisoft San Francisco,Ubisoft,488790
SteamWorld Quest: Hand of Gilgamech,,Adventure,RPG,2019,Image & Form Games,Thunderful Publishing,804010
Realm Royale Reforged,,Action,Free To Play,2018,Heroic Leap Games,Hi-Rez Studios,813820
Injustice™ 2,,Action,,2017,NetherRealm Studios; QLOC,WB Games,627270
Box Maze Extreme,,Action,Adventure,2018,GamersHype Productions,SA Industry,818890
Z1 Battle Royale,,Action,Adventure,2018,Daybreak Game Company,Daybreak Game Company,433850
H1Z1: Test Server,,Massively Multiplayer,,2016,Daybreak Game Company,Daybreak Game Company,439700
Space Pilgrim Academy: Year 2,,Adventure,Indie,2018,Pilgrim Adventures,GrabTheGames,831120
Zombie Derby,,Action,Indie,2018,Brinemedia,Brinemedia,831770
Call of Juarez Gunslinger,,Action,,2013,Techland,Techland Publishing,204450
Hitman: Absolution,,Action,,2012,Io-Interactive A/S,Io-Interactive A/S,203140
Sunset Overdrive,,Action,Adventure,2018,Insomniac Games; Blind Squirrel Games,Xbox Game Studios,847370
Shadow of the Tomb Raider,,Action,Adventure,2018,Eidos-Montréal; Crystal Dynamics; Nixxes; Feral Interactive (Mac); Feral interactive (Linux),Crystal Dynamics; Feral Interactive (Mac); Feral interactive (Linux),750920
Exfil,,Action,Indie,2024,Misultin Studios,MicroProse Software,860020
Little Nightmares II,,Adventure,,2021,Tarsier Studios,BANDAI NAMCO Entertainment,860510
Control Ultimate Edition,,Action,Adventure,2020,Remedy Entertainment,Remedy Entertainment,870780
Rogue Company,,Action,Free To Play,2021,First Watch Games,Hi-Rez Studios,872200
Yakuza 0,,Action,Adventure,2018,Ryu Ga Gotoku Studio,SEGA,638970
Middle-earth™: Shadow of War™,,Action,Adventure,2017,Monolith Productions,WB Games,356190
Resident Evil 2,,Ação,,2019,"CAPCOM Co., Ltd.","CAPCOM Co., Ltd.",883710
Monster Hunter: World,,Action,,2018,"CAPCOM Co., Ltd.","CAPCOM Co., Ltd.",582010
Yakuza Kiwami,,Action,Adventure,2019,Ryu Ga Gotoku Studio,SEGA,834530
Aimlabs,,Action,Adventure,2023,Statespace,Statespace,714010
Darksiders III,,Action,Adventure,2018,Gunfire Games,THQ Nordic,606280
GOD EATER 3,,Action,,2019,BANDAI NAMCO Studios Inc.,BANDAI NAMCO Entertainment,899440
Assassin's Creed III Remastered,,Action,Adventure,2019,Ubisoft Entertainment,Ubisoft Entertainment				,911400
Pixel Strike 3D,,Action,Adventure,2020,Vulcron,Vulcron,915320
LEGO® Star Wars™: The Skywalker Saga,,Action,Adventure,2022,TT Games,Warner Bros. Games; Warner Bros. Interactive Entertainment,920210
Modern Combat 5,,Action,Free To Play,2018,Gameloft,Gameloft,921060
Quake Champions,,Action,Free To Play,2022,id Software,Bethesda Softworks,611500
Hand Simulator: Survival,,Action,Adventure,2019,HFM Games,HFM Games,924140
Metro Exodus,,Action,,2020,4A Games,Deep Silver,412020
Metro Exodus Enhanced Edition,,Action,,2020,4A Games,Deep Silver,1449560
Space Pilgrim Academy: Year 3,,Adventure,Indie,2018,Pilgrim Adventures,GrabTheGames,936650
Bloons TD 6,,Strategy,,2018,Ninja Kiwi,Ninja Kiwi,960090
Heavy Rain,,Action,Adventure,2020,Quantic Dream,Quantic Dream,960910
Beyond: Two Souls,,Action,Adventure,2020,Quantic Dream,Quantic Dream,960990
Walking Zombie 2,,Action,Adventure,2019,Alda Games,Alda Games,965200
Mortal Kombat 11,,Action,,2019,NetherRealm Studios; QLOC; Shiver,Warner Bros. Games; Warner Bros. Interactive Entertainment,976310
Batman: Arkham Asylum GOTY Edition,,Action,Adventure,2010,Rocksteady Studios,WB Games,35140
Batman: Arkham City GOTY,,Action,Adventure,2012,Rocksteady Studios,WB Games,200260
Batman™: Arkham Knight,,Action,Adventure,2015,Rocksteady Studios,WB Games,208650
Borderlands 2,,Action,RPG,2012,Gearbox Software; Aspyr (Mac); Aspyr (Linux),2K; Aspyr (Mac); Aspyr (Linux),49520
Borderlands: The Pre-Sequel,,Action,RPG,2014,2K Australia; Gearbox Software; Aspyr (Linux),2K; Aspyr (Linux),261640
Collapse: A Political Simulator,,Indie,Simulation,2021,Nostalgames,Nostalgames,990260
The Last Campfire,,Adventure,Indie,2021,Hello Games,Hello Games,990630
Spyro™ Reignited Trilogy,,Action,Adventure,2019,Toys for Bob; Iron Galaxy Studios,Activision,996580
Ynglet,,Action,Adventure,2021,Nifflas,Akupara Games,1015920
Castlevania Anniversary Collection,,Action,Adventure,2019,KONAMI,KONAMI,1018010
Space Pilgrim Academy: Reunion,,Adventure,Indie,2019,Pilgrim Adventures,GrabTheGames,1020590
Super Lucky's Tale,,Action,Adventure,2018,Playful Corp.,Xbox Game Studios,847360
New Super Lucky's Tale,,Action,Adventure,2020,Playful Corp.,Playful Corp.,1038300
Yakuza Kiwami 2,,Action,Adventure,2019,Ryu Ga Gotoku Studio,SEGA,927380
A Sceptic's Guide to Magic,,Adventure,Indie,2019,Pilgrim Adventures,GrabTheGames,1074520
Mutazione,,Adventure,Indie,2019,Die Gute Fabrik,Akupara Games,1080750
Rebel Inc: Escalation,,Casual,Indie,2021,Ndemic Creations,Ndemic Creations,1088790
The Henry Stickmin Collection,,Adventure,Casual,2020,PuffballsUnited,Innersloth,1089980
Cyberpunk 2077,,RPG,,2020,CD PROJEKT RED,CD PROJEKT RED,1091500
Halo: The Master Chief Collection,,Action,,2019,343 Industries; Splash Damage; Ruffian Games; Bungie; Saber Interactive,Xbox Game Studios,976730
Internet Cafe Simulator,,Adventure,Indie,2019,Cheesecake Dev,Cheesecake Dev,1136160
Space Pilgrim Episode I: Alpha Centauri,,Adventure,Indie,2015,Pilgrim Adventures; GrabTheGames Studios,GrabTheGames; TheGamesFortress,429470
Beyond a Steel Sky,,Action,Adventure,2020,Revolution Software Ltd,Revolution Software Ltd,1146310
DOOM 64,,Action,,2020,id Software; Nightdive Studios,Bethesda Softworks,1148590
The Deed II,,Adventure,Indie,2020,Pilgrim Adventures,GrabTheGames,1155660
Destiny 2,,Action,Adventure,2019,Bungie,Bungie,1085660
Valfaris,,Action,Indie,2019,Steel Mantis,Silver Lining Interactive,600130
Apex Legends,,Action,Adventure,2020,Respawn,Electronic Arts,1172470
STAR WARS Jedi: Fallen Order™ ,,Action,Adventure,2019,Respawn Entertainment,Electronic Arts,1172380
Red Dead Redemption 2,,Action,Adventure,2019,Rockstar Games,Rockstar Games,1174180
Crusader Kings II,,RPG,Simulation,2012,Paradox Development Studio,Paradox Interactive,203770
Hades,,Action,Indie,2020,Supergiant Games,Supergiant Games,1145360
SOUTH PARK: SNOW DAY!,,Action,Adventure,2024,Question,THQ Nordic,1214650
POSTAL,,Action,Indie,1997,Running With Scissors,Running With Scissors,232770
The Great Ace Attorney Chronicles,,Adventure,,2021,"CAPCOM Co., Ltd.","CAPCOM Co., Ltd.",1158850
ULTRAKILL,,Action,Indie,2020,"Arsi ""Hakita"" Patala",New Blood Interactive,1229490
SUPERHOT,,Action,Indie,2016,SUPERHOT Team,SUPERHOT Team,322500
Mirror's Edge™ Catalyst,,Action,Adventure,2020,DICE,Electronic Arts,1233570
Dragon Age II: Ultimate Edition,,Action,Adventure,2020,BioWare,Electronic Arts,1238040
Dead Space™ 3,,Action,,2020,Visceral Games,Electronic Arts,1238060
Burnout™ Paradise Remastered,,Action,Adventure,2020,Stellar Entertainment; Criterion Games,Electronic Arts,1238080
Need for Speed™ Heat ,,Action,Adventure,2020,Ghost Games,Electronic Arts,1222680
Battlefield 3™ ,,Action,,2020,DICE,Electronic Arts,1238820
Battlefield™ 1,,Action,Massively Multiplayer,2020,DICE,Electronic Arts,1238840
Battlefield 4™ ,,Action,,2020,DICE,Electronic Arts,1238860
Battlefield™ Hardline,,Action,,2020,DICE,Electronic Arts,1238880
Titanfall® 2,,Action,,2020,Respawn Entertainment,Electronic Arts,1237970
STAR WARS™ Battlefront™ II,,Action,Adventure,2020,DICE,Electronic Arts,1237950
Ruin Raiders,,Action,Adventure,2021,OverPowered Team,indie.io,1262720
The Council,,Adventure,RPG,2018,Big Bad Wolf,Focus Entertainment,287630
Dordogne,,Adventure,Indie,2023,UN JE NE SAIS QUOI; UMANIMATION,Focus Entertainment,1272840
Grand Theft Auto IV: The Complete Edition,,Action,Adventure,2020,Rockstar North; Rockstar Toronto,Rockstar Games,12210
Bloons TD Battles 2,,Action,Casual,2021,Ninja Kiwi,Ninja Kiwi,1276390
Redmatch 2,,Action,Indie,2021,Rugbug Redfern,Rugbug Redfern,1280770
Persona 4 Golden,,RPG,,2020,ATLUS,SEGA,1113000
Wolflord - Werewolf Online,,Indie,RPG,2019,LizardFactory,LizardFactory,657730
Mass Effect™ Legendary Edition,,Action,RPG,2021,BioWare,Electronic Arts,1328670
Borderlands 3,,Action,RPG,2020,Gearbox Software,2K,397540
Bomber Crew,,Simulation,Strategy,2017,Runner Duck,Curve Games,537800
Anvil Saga,,Indie,RPG,2023,Pirozhok Studio,HeroCraft PC,1587540
Palworld,,Action,Adventure,2024,Pocketpair,Pocketpair,1623730
Behind the Frame: The Finest Scenery,,Adventure,Casual,2021,Silver Lining Studio,Akupara Games; Akatsuki Taiwan Inc.,1634150
Saints Row The Third Remastered,,Action,Adventure,2021,Deep Silver Volition; Sperasoft,Deep Silver,978300
Assassin's Creed IV Black Flag,,Action,Adventure,,Ubisoft Montreal,Ubisoft,242050
Crysis Remastered,,Action,,2021,Crytek,Crytek,1715130
Halo Infinite,,Action,Free To Play,2021,343 Industries,Xbox Game Studios,1240440
DEATHLOOP,,Action,,2021,Arkane Studios,Bethesda Softworks,1252330
Vampire Survivors,,Action,Casual,2022,poncle,poncle,1794680
The Elder Scrolls: Arena,,Action,RPG,2022,Bethesda Softworks,Bethesda Softworks,1812290
The Elder Scrolls II: Daggerfall,,Action,RPG,2022,Bethesda Softworks,Bethesda Softworks,1812390
Aces and Adventures,,Adventure,RPG,2023,Triple.B.Titles,Yogscast Games,1815570
Ghostwire: Tokyo,,Action,,2022,Tango Gameworks,Bethesda Softworks,1475810
TYRONE vs COPS,,Action,Indie,2022,Team SNEED,Team SNEED,1853200
PUBG: BATTLEGROUNDS,,Action,Adventure,2017,PUBG Corporation,"KRAFTON, Inc.",578080
Wolfenstein: Enemy Territory,,Action,,2022,Splash Damage,Bethesda Softworks,1873030
ELDEN RING,,Action,RPG,2022,"FromSoftware, Inc.","FromSoftware, Inc.; Bandai Namco Entertainment",1245620
LEGO® Bricktales,,Adventure,Casual,2022,ClockStone,Thunderful Publishing,1898290
Clair Obscur: Expedition 33,,Action,RPG,2025,Sandfall Interactive,Kepler Interactive,1903340
Sniper Elite 5,,Action,Adventure,2022,Rebellion,Rebellion,1029690
Portal with RTX,,Action,,2022,Lightspeed Studios™,NVIDIA,2012840
Squirrel with a Gun,,Action,Adventure,2024,Dee Dee Creations LLC,Maximum Entertainment,2067050
THE FINALS,,Action,Free To Play,2023,Embark Studios,Embark Studios,2073850
Crysis 2 Remastered,,Action,,2022,Crytek; Saber Interactive,Crytek,2096600
Crysis 3 Remastered,,Action,,2022,Crytek; Saber Interactive,Crytek,2096610
New Tales from the Borderlands,,Adventure,,2022,Gearbox Software,2K,1454970
METAL GEAR SOLID - Master Collection Version,,Action,,2023,KONAMI,KONAMI,2131630
METAL GEAR & METAL GEAR 2: Solid Snake,,Action,,2023,KONAMI,KONAMI,2131680
METAL GEAR SOLID 2: Sons of Liberty - Master Collection Version,,Action,,2023,KONAMI,KONAMI,2131640
Call of Duty®,,Action,,2022,Treyarch; Raven Software; Beenox; High Moon Studios; Activision Shanghai; Sledgehammer Games; Infinity Ward; Demonware; Toys for Bob,Activision,1938090
Call of Duty®: Modern Warfare® II,,Action,,2022,Infinity Ward; Raven Software; Beenox; Treyarch; High Moon Studios; Sledgehammer Games; Demonware; Toys for Bob,Activision,3595230
63 Days,,Action,Adventure,2024,Destructive Creations,Destructive Creations,2202120
Command & Conquer™ and The Covert Operations™,,Action,Strategy,2024,Westwood Studios,Electronic Arts,2229830
"Command & Conquer: Red Alert™, Counterstrike™ and The Aftermath™",,Action,RPG,2024,Westwood Studios,Electronic Arts,2229840
Command & Conquer: Red Alert™ 2 and Yuri’s Revenge™,,Action,Strategy,2024,Westwood Pacific; Westwood Studios,Electronic Arts,2229850
Command & Conquer™: Generals,,Action,Strategy,2024,EA Pacific,Electronic Arts,2229870
Command & Conquer™ Tiberian Sun™ and Firestorm™,,Action,Strategy,2024,Westwood Studios,Electronic Arts,2229880
Command & Conquer™: Renegade,,Action,Adventure,2024,Westwood Studios,Electronic Arts,2229890
Ghost Recon Breakpoint,,Action,Adventure,2023,Ubisoft Paris,Ubisoft,2231380
Pizza Tower,,Action,Indie,2023,Tour De Pizza,Tour De Pizza,2231450
I Am Fish,,Adventure,Simulation,2021,Bossa Studios,Curve Games,1472560
Just Die Already,,Adventure,Indie,2021,DoubleMoose Games,Curve Games,979070
Lawn Mowing Simulator,,Simulation,,2021,Skyhook Games,Curve Games,1480560
Space Crew: Legendary Edition,,Action,Adventure,2020,Runner Duck,Curve Games,1176710
EMPTY SHELL,,Action,Adventure,2023,CC ARTS,Hyperstrange,2243110
Dead Space,,Action,Adventure,2023,Motive,Electronic Arts,1693980
Grand Theft Auto III - The Definitive Edition,,Action,Adventure,2023,Rockstar Games,Rockstar Games,1546970
Grand Theft Auto: Vice City - The Definitive Edition,,Action,Adventure,2023,Rockstar Games,Rockstar Games,1546990
Grand Theft Auto: San Andreas - The Definitive Edition,,Action,Adventure,2023,Rockstar Games,Rockstar Games,1547000
SEXTS,,Casual,Indie,2023,BonjourAI; NSFW18 Games,NSFW18 Games,2279510
Hogwarts Legacy,,Action,Adventure,2023,Avalanche Software,Warner Bros. Games,990080
Tiny Tina's Assault on Dragon Keep: A Wonderlands One-shot Adventure,,Action,Adventure,2021,Gearbox Software; Stray Kite Studios,2K,1712840
Landfall Archives,,Action,Adventure,2023,landfall,landfall,2353760
Overwatch® 2,,Action,Free To Play,2023,"Blizzard Entertainment, Inc.","Blizzard Entertainment, Inc.",2357570
Steam Engine Simulator,,Simulation,,2023,Ektorom Software Inc.,Ektorom Software Inc.,2381620
Ghostbusters: Spirits Unleashed Ecto Edition,,Action,Adventure,2023,IllFonic,IllFonic Publishing,2383990
METAL GEAR SOLID 3: Snake Eater - Master Collection Version,,Action,,2023,KONAMI,KONAMI,2131650
Tony Hawk's™ Pro Skater™ 1 + 2,,Sports,,2023,Vicarious Visions; Iron Galaxy Studios,Activision,2395210
Tomb Raider I-III Remastered Starring Lara Croft,,Action,Adventure,2024,Aspyr; Crystal Dynamics,Aspyr,2478970
Saints Row,,Action,Adventure,2023,Volition,Deep Silver,742420
Pixel Gun 3D: PC Edition,,Action,Adventure,2024,Cubic Games Studio,Cubic Games Studio,2524890
Age of Empires III: Definitive Edition,,Free To Play,Strategy,2020,World's Edge; Tantalus Media; Forgotten Empires,Xbox Game Studios,933110
KINGDOM HEARTS -HD 1.5+2.5 ReMIX-,,Action,Adventure,2024,Square Enix,Square Enix,2552430
Beyond Good and Evil - 20th Anniversary Edition,,Action,Adventure,2024,Ubisoft,Ubisoft,2556990
Eden Genesis,,Action,Adventure,2024,Aeternum Game Studios S.L,Aeternum Game Studios S.L,2562900
Resident Evil 4,,Action,Adventure,2023,"CAPCOM Co., Ltd.","CAPCOM Co., Ltd.",2050650
Moonstone Island,,Adventure,Indie,2023,Studio Supersoft,Raw Fury,1658150
RoboCop: Rogue City,,Action,Adventure,2023,Teyon,Nacon,1681430
Disco Elysium,,RPG,,2019,ZA/UM,ZA/UM,632470
Red Dead Redemption,,Action,,2024,Rockstar Games; Double Eleven,Rockstar Games,2668510
Nothing,,Action,Adventure,2024,Pixelatto,Pixelatto,2696480
Command & Conquer™ Generals Zero Hour,,Action,Adventure,2024,EA Pacific,Electronic Arts,2732960
SimCity™ 3000 Unlimited,,Casual,Simulation,2024,Maxis,Electronic Arts,2741560
Marvel Rivals,,Action,Free To Play,2024,NetEase Games,NetEase Games,2767030
Apollo Justice: Ace Attorney Trilogy,,Adventure,,2024,"CAPCOM Co., Ltd.","CAPCOM Co., Ltd.",2187220
Banana,,Adventure,Casual,2024,Sky; AestheticSpartan; O'Brian,Sky,2923300
Resident Evil 3,,Action,,2020,"CAPCOM Co., Ltd.","CAPCOM Co., Ltd.",952060
RESIDENT EVIL RESISTANCE,,Action,,,"CAPCOM Co., Ltd.; NeoBards Entertainment Ltd.","CAPCOM Co., Ltd.",952070
Resident Evil 0,,Action,Adventure,2016,"CAPCOM Co., Ltd.","CAPCOM Co., Ltd.",339340
LEGO® Harry Potter™ Collection,,Action,Adventure,2024,TT Games; Double Eleven,Warner Bros. Games,2950340
Ghostrunner 2,,Action,Adventure,2023,One More Level,505 Games,2144740
Resident Evil,,Action,Adventure,2015,"CAPCOM Co., Ltd.","CAPCOM Co., Ltd.",304240
RollerCoaster Tycoon: Deluxe,,Simulation,Strategy,2014,Chris Sawyer Productions,Atari,285310
Drawful 2,,Casual,Indie,2016,"Jackbox Games, Inc.","Jackbox Games, Inc.",442070
The Jackbox Megapicker,,Free To Play,Utilities,2024,"Jackbox Games, Inc.","Jackbox Games, Inc.",2828500
Satisfactory,,Adventure,Indie,2024,Coffee Stain Studios,Coffee Stain Publishing,526870
Black Desert,,Action,Adventure,2017,Pearl Abyss,Pearl Abyss,582660
FINAL FANTASY VII REMAKE INTERGRADE,,Action,Adventure,2022,Square Enix,Square Enix,1462040
FINAL FANTASY VII REBIRTH,,Action,Adventure,2025,Square Enix,Square Enix,2909400
Dark Sector,,Action,,2009,Digital Extremes,Digital Extremes,29900
Pankapu,,Action,Adventure,2016,Too Kind Studio,Dear Villagers,418670
Down the Rabbit Hole Flattened,,Adventure,Indie,2025,Cortopia Studios,Beyond Frames,3399980
Distant Space 2,,Action,Adventure,2017,PixelMouse,PixelMouse,729460
Golden Light,,Action,Adventure,2022,Mr. Pink,Mr. Pink,1245430
RPG Maker VX Ace,,Adventure,RPG,2012,Gotcha Gotcha Games; KADOKAWA; Yoji Ojima,Gotcha Gotcha Games,220700
Mini Thief,,Casual,Indie,2018,Stranga; TommahGames,GrabTheGames,481870
Dying Light,,Action,RPG,2015,Techland,Techland,239140
Isle of Jura,,Casual,Indie,2022,EM Games,EM Games; GrabTheGames,1703140
Party Club,,Action,Casual,2025,Lucid11 Interactive,GameDev.ist; Gamersky Games,2796010
Scheming Through The Zombie Apocalypse: The Beginning,,Adventure,Casual,2018,Entertainment Forge,GrabTheGames,813540
Amerzone: The Explorer’s Legacy (1999),,Adventure,Casual,2014,Microids,Microids,302190
Dreams of Aether,,Action,,2025,Lepioid LLC,Aether Studios,3463050
AtmaSphere,,Action,Adventure,2018,Mazen Games,GrabTheGames,753660
"Warhammer 40,000: Gladius - Relics of War",,Strategy,,2018,Proxy Studios,Slitherine Ltd.,489630
Ultimate Zombie Defense,,Action,Adventure,2020,Terror Dog Studio,Terror Dog Studio,1035510
Battlestar Galactica Deadlock,,Strategy,,2017,Black Lab Games,Slitherine Ltd.,544610
Fantasy General II,,Strategy,,2019,Owned by Gravity,Slitherine Ltd.,1025440
Field of Glory II: Medieval,,Simulation,Strategy,2021,Byzantine Games,Slitherine Ltd.,1368870
SteamWorld Dig,,Action,Adventure,2013,Image & Form Games,Image & Form Games,252410
Nubs!,,Action,Casual,2025,Rangatang; Glowfish Interactive,Glowfish Interactive; Rangatang,2337860
Tell Me Why,,Adventure,Free To Play,2020,DONTNOD Entertainment,Xbox Game Studios,1180660
Hellslave,,Adventure,Indie,2022,Ars Goetia,Dear Villagers; Gamersky Games,1608450
HITMAN World of Assassination,,Action,Adventure,2022,IO Interactive A/S,IO Interactive A/S,1659040
Paradox Soul,,Action,Adventure,2018,Ritual Games,GrabTheGames,610570
Space Pilgrim Episode II: Epsilon Indi,,Adventure,Indie,2016,Pilgrim Adventures; GrabTheGames Studios,GrabTheGames; TheGamesFortress,431710
NEXT JUMP: Shmup Tactics,,Indie,Strategy,2017,Post Mortem Pixels,GrabTheGames,624690
Ampersat,,Action,Adventure,2022,"Gaterooze, Ink","Gaterooze, Ink; GrabTheGames",1356040
Barro GT,,Casual,Indie,2022,SC Jogos,SC Jogos,1990740
Wild Bastards,,Action,Indie,2024,Blue Manchu,Maximum Entertainment,1660840
GUNTOUCHABLES,,Action,Indie,2025,Game Swing,Ghost Ship Publishing,2543510
Kitchen Wars,,Action,Adventure,2025,Silent Owl,Perfect Gen; GrabTheGames,2955840
Team Fortress 2,,Action,Free To Play,2007,Valve,Valve,440
Dota 2,,Action,Strategy,2013,Valve,Valve,570
Source Filmmaker,,Animation & Modeling,Video Production,2012,Valve,Valve,1840
